gender,name
ذكر,ابانوب
ذكر,ميلاد
ذكر,حنين
ذكر,ناشد
ذكر,احمد
ذكر,حمدى
ذكر,رجب
ذكر,عبدالعظيم
ذكر,سعد
ذكر,حسن
ذكر,رضا
ذكر,عبدالمجيد
ذكر,عبدالناصر
ذكر,عبدالعزيز
ذكر,سيد
ذكر,عبدالرحيم
ذكر,عبدالرحمن
ذكر,محمود
ذكر,عبدالمنعم
ذكر,رمضان
ذكر,حسين
ذكر,علاء
ذكر,صابر
ذكر,محمد
ذكر,ربيع
ذكر,فتح
ذكر,الباب
ذكر,عبدالعاطى
ذكر,علي
ذكر,قاسم
ذكر,على
ذكر,يوسف
ذكر,ادريس
ذكر,خالد
ذكر,ادهم
ذكر,سعيد
ذكر,انور
ذكر,اسلام
ذكر,عواجه
ذكر,القسام
ذكر,امين
ذكر,ايهاب
ذكر,حماده
ذكر,خلف
ذكر,باسم
ذكر,خطاب
ذكر,ابراهيم
ذكر,جونى
ذكر,اميل
ذكر,حنا
ذكر,روفائيل
ذكر,حازم
ذكر,ايمن
ذكر,فاروق
ذكر,عبدالحميد
ذكر,عمرو
ذكر,ابوغنيمه
ذكر,طوسن
ذكر,حسنى
ذكر,الجمال
ذكر,شعبان
ذكر,عبدالنعيم
ذكر,قوشي
ذكر,عبدمريم
ذكر,ابسخرون
ذكر,هشام
ذكر,هاشم
ذكر,رامى
ذكر,مينا
ذكر,سمير
ذكر,شحاته
ذكر,زياد
ذكر,ناصر
ذكر,كمال
ذكر,عبدالغني
ذكر,سراج
ذكر,عبدالغنى
ذكر,الدين
ذكر,حاتم
ذكر,حبشى
ذكر,صموئيل
ذكر,عازر
ذكر,طارق
ذكر,مصطفى
ذكر,موافي
ذكر,عادل
ذكر,زكى
ذكر,عبدالحكيم
ذكر,وائل
ذكر,كيلاني
ذكر,اسماعيل
ذكر,عبدالفتاح
ذكر,عبدالمعبود
ذكر,جمعه
ذكر,سيوفى
ذكر,صلاح
ذكر,عثمان
ذكر,حبشي
ذكر,منصور
ذكر,الجبالي
ذكر,نعمان
ذكر,خيرى
ذكر,هيثم
ذكر,عطا
ذكر,جمال
ذكر,عبدالله
ذكر,عبوده
ذكر,عماد
ذكر,عبدالهادى
ذكر,القوصى
ذكر,ثابت
ذكر,حماد
ذكر,حمدان
ذكر,عبداللطيف
ذكر,الجمام
ذكر,شلقامي
ذكر,عبدالحليم
ذكر,عمر
ذكر,الحسينى
ذكر,الجارحى
ذكر,مهني
ذكر,عيسى
ذكر,الدكرورى
ذكر,عبدالنبى
ذكر,فارس
ذكر,عبدالسلام
ذكر,فايز
ذكر,محرم
ذكر,كريم
ذكر,المصطفى
ذكر,السيد
ذكر,يسين
ذكر,زهنى
ذكر,اشرف
ذكر,وجيه
ذكر,عفيفى
ذكر,غريب
ذكر,نزلاوى
ذكر,تقى
ذكر,راضى
ذكر,عباس
ذكر,عبدالهادي
ذكر,طه
ذكر,مسعود
ذكر,عاشور
ذكر,قطب
ذكر,سليمان
ذكر,عزت
ذكر,عبدالحافظ
ذكر,رياض
ذكر,فرج
ذكر,كامل
ذكر,ممدوح
ذكر,علام
ذكر,قرنى
ذكر,شقرانى
ذكر,عبدالحفيظ
ذكر,عبدالقادر
ذكر,فتحى
ذكر,عب
ذكر,الجواد
ذكر,مهاب
ذكر,بكر
ذكر,عبدالكريم
ذكر,يعقوب
ذكر,نورالدين
ذكر,هادى
ذكر,وليد
ذكر,زكريا
ذكر,عبدالدايم
ذكر,فؤاد
انثى,ايرينى
ذكر,بشرى
ذكر,جرجس
انثى,ايه
ذكر,شريف
انثى,بسمله
ذكر,توفيق
انثى,جمانه
ذكر,فوزى
انثى,جيسيكا
ذكر,جوزيف
ذكر,سمعان
ذكر,ذكرى
انثى,رنا
ذكر,عيد
انثى,ساندى
ذكر,برسوم
ذكر,عبدالملاك
انثى,سهيله
ذكر,ماهر
انثى,علا
ذكر,فضل
انثى,مريم
ذكر,عقل
ذكر,مجدى
ذكر,سيف
ذكر,حبيب
انثى,ناردين
ذكر,منير
انثى,هايدى
ذكر,اثناسيوس
انثى,هبه
ذكر,خفاجى
انثى,يوستينا
ذكر,نبيل
ذكر,ذكى
ذكر,موريس
ذكر,ايليا
ذكر,مرجان
ذكر,هلال
ذكر,سامح
ذكر,محروس
ذكر,صالح
ذكر,فادى
ذكر,ميخائيل
ذكر,كيرلس
ذكر,اسعد
ذكر,عوض
ذكر,وهبه
انثى,ابتهال
ذكر,محسن
ذكر,مهنى
انثى,احسان
ذكر,مجاهد
انثى,اروى
ذكر,عبدالعليم
انثى,استر
ذكر,لطفى
ذكر,موسى
انثى,اسراء
ذكر,عبدربه
انثى,اسماء
ذكر,رفاعي
ذكر,عبدالمحسن
انثى,الاء
ذكر,مصطفي
ذكر,جلال
انثى,الشيماء
ذكر,مرعى
انثى,امال
انثى,امل
ذكر,حسام
ذكر,عصام
انثى,امنيه
ذكر,ابوبكر
انثى,اميره
انثى,انجى
ذكر,جيد
ذكر,رزق
ذكر,الله
ذكر,فانوس
ذكر,حكيم
ذكر,دياب
ذكر,صفوت
ذكر,جوده
ذكر,عاطف
ذكر,شفيق
انثى,ايات
ذكر,عكاشه
انثى,ايمان
ذكر,حافظ
ذكر,صبرى
ذكر,شاكر
ذكر,نجيب
ذكر,خليل
ذكر,هانى
ذكر,حسانين
ذكر,يس
انثى,بسمه
ذكر,صادق
ذكر,سالم
ذكر,محبوب
انثى,تبارك
انثى,جيهان
ذكر,عبدالجواد
انثى,حسناء
ذكر,مخلوف
انثى,خلود
انثى,دارين
انثى,داليا
انثى,دعاء
ذكر,حجازى
ذكر,مليجى
انثى,دميانا
ذكر,ابوكلام
انثى,دميانه
ذكر,سام
انثى,دنيا
ذكر,عبدالوهاب
ذكر,يسرى
انثى,دينا
ذكر,طلعت
انثى,رانيا
ذكر,عبدالصبور
انثى,رحاب
ذكر,هنى
ذكر,جارحى
انثى,رحمه
ذكر,فراج
ذكر,زغلول
ذكر,فرحات
انثى,رزان
انثى,رشيده
انثى,رضا
ذكر,قوشني
انثى,رضوى
ذكر,حسان
ذكر,عبدالمقصود
ذكر,يونس
ذكر,ياسين
انثى,رقيه
ذكر,راوى
ذكر,سعداوى
انثى,روان
ذكر,ضرار
ذكر,عزات
انثى,ريم
انثى,ريهام
انثى,زينب
انثى,ساره
ذكر,رشدى
ذكر,لبيب
ذكر,اسكندر
انثى,سلمى
انثى,سما
ذكر,ضاحى
انثى,سمر
ذكر,ابو
ذكر,غنيمه
انثى,سميه
انثى,سناء
ذكر,عز
انثى,سويده
ذكر,ياسر
ذكر,عبدالصالحين
انثى,شريفه
ذكر,حداد
انثى,شرين
ذكر,ملاك
ذكر,بباوى
ذكر,توما
انثى,شهد
ذكر,مسعد
ذكر,ابوالنور
انثى,شيرى
ذكر,فام
ذكر,يونان
انثى,شيرين
ذكر,عبدالرسول
انثى,عائشه
ذكر,ابوالصفا
انثى,عزه
ذكر,مبروك
انثى,غاده
انثى,فاطمه
ذكر,بهاء
ذكر,شلقامى
انثى,فرحه
انثى,فيرونيا
انثى,فيرينا
ذكر,غبريال
انثى,كارن
ذكر,عبدالملك
انثى,كارول
ذكر,نادى
ذكر,عدلى
ذكر,تادرس
انثى,كلودى
ذكر,تامر
ذكر,اقلاديوس
انثى,مارينا
ذكر,شهات
ذكر,ولسن
انثى,ماهى
انثى,مرمر
ذكر,سلامه
ذكر,فهيم
ذكر,عطيه
انثى,مرنا
ذكر,برنابا
ذكر,عبدالشهيد
ذكر,عايد
انثى,مروه
ذكر,خميس
ذكر,القس
ذكر,عبدالمتجل
ذكر,قيصر
ذكر,المرغنى
ذكر,خليفه
ذكر,نابولى
ذكر,اسحق
ذكر,مبارك
ذكر,محب
ذكر,عبيد
ذكر,نصيف
ذكر,مكرم
ذكر,ويصا
ذكر,ناير
انثى,ملك
ذكر,الحسن
ذكر,زكي
ذكر,عبدالمطلب
انثى,منار
انثى,منال
ذكر,عبدالحسيب
انثى,منه
انثى,منى
ذكر,عامر
انثى,مها
انثى,مهرائيل
ذكر,شنوده
ذكر,ناجى
انثى,ميار
انثى,ميرنا
ذكر,سامى
انثى,ميمى
انثى,نادين
انثى,ناديه
ذكر,صالحين
ذكر,اسحاق
انثى,نانسى
ذكر,نمر
انثى,ندى
انثى,نضال
انثى,نعمه
ذكر,شوقى
ذكر,بولس
انثى,نوره
انثى,نورهان
ذكر,محروص
انثى,نيفين
ذكر,جورجى
انثى,هاجر
انثى,هانم
ذكر,عبدالصمد
انثى,هدى
انثى,هدير
ذكر,ابوالليل
انثى,هناء
انثى,وفاء
انثى,ولاء
ذكر,منتصر
انثى,يارا
ذكر,المرزوقى
انثى,ياسمين
ذكر,عبدالباقى
انثى,ابرار
ذكر,حنفى
ذكر,ممتاز
ذكر,مرسى
انثى,امانى
ذكر,عويس
انثى,جهاد
ذكر,نافع
ذكر,دكرورى
انثى,رباب
ذكر,ابوالفتوح
ذكر,مناع
انثى,رضوه
انثى,روفيده
انثى,سماح
ذكر,جابر
ذكر,ابوزيد
ذكر,عبدالظاهر
انثى,شيماء
انثى,صباح
انثى,ضحى
انثى,عبير
انثى,كلثوم
ذكر,صاوى
انثى,كوثر
انثى,مرفت
ذكر,علم
ذكر,بسيونى
ذكر,فخرى
انثى,مى
انثى,نسمه
انثى,نسيبه
انثى,هاله
ذكر,عبدالجليل
ذكر,نظير
انثى,هند
ذكر,زين
ذكر,البدرى
ذكر,فرغلى
ذكر,عاطى
ذكر,الطيب
ذكر,العابدين
ذكر,نبيه
ذكر,طلب
ذكر,جويد
ذكر,عبدالحكم
ذكر,صرمانى
ذكر,ابوالقاسم
ذكر,دردير
ذكر,اسامه
ذكر,فهمى
ذكر,قنديل
ذكر,بكرى
ذكر,مؤمن
ذكر,الامين
ذكر,حواس
ذكر,عبدالعال
ذكر,رفاعى
ذكر,سلطان
ذكر,يحى
ذكر,قناوى
ذكر,يحيى
ذكر,ابرهيم
ذكر,حلمى
ذكر,عيسي
ذكر,عبدالمالك
ذكر,ظريف
انثى,اميمه
ذكر,زيدان
ذكر,صقر
ذكر,ادم
ذكر,شعراوى
انثى,روضه
انثى,شارلى
ذكر,باسليوس
ذكر,ماجد
ذكر,حشمت
انثى,صفاء
ذكر,الزهراء
انثى,مارتينا
ذكر,عرفات
ذكر,دميان
ذكر,بخيت
ذكر,فولى
ذكر,زينهم
انثى,ناهد
انثى,نوال
ذكر,الراعى
ذكر,جبر
ذكر,ابرام
ذكر,مشير
ذكر,عبدالمغنى
ذكر,عبدالستار
ذكر,فرجاني
ذكر,قرني
ذكر,ابوعمره
ذكر,فهمي
ذكر,الامير
ذكر,الحسين
ذكر,امير
ذكر,مليكه
ذكر,جورج
ذكر,عزيز
ذكر,صبحى
ذكر,فواز
ذكر,فاضل
ذكر,حمزه
ذكر,الدسوقى
ذكر,رمزى
ذكر,جميل
ذكر,شادى
ذكر,عرفه
ذكر,امام
ذكر,مرقص
ذكر,جورجي
ذكر,مازن
ذكر,مايكل
ذكر,اسكاروس
ذكر,الخطيب
ذكر,بيومى
ذكر,معروف
ذكر,صديق
ذكر,مروان
ذكر,اكرام
ذكر,عماره
ذكر,ذكرالله
ذكر,معتز
ذكر,مكسيموس
ذكر,عياد
ذكر,مهند
ذكر,بشري
ذكر,حامد
انثى,الهام
انثى,نور
ذكر,فكرى
ذكر,غيضان
ذكر,كيلانى
ذكر,فالح
ذكر,مرسي
ذكر,بيومي
ذكر,شاذلى
ذكر,عبدالوارث
ذكر,امبارك
ذكر,نعيم
ذكر,معتصم
ذكر,عبدالجابر
انثى,امنه
انثى,اوليفيا
انثى,ايلاريا
ذكر,صليب
انثى,ساندرا
انثى,سلفانا
ذكر,عبد
انثى,سيلفيا
انثى,فيبى
انثى,لورا
ذكر,غطاس
انثى,ليديا
انثى,مادونا
ذكر,تيموثاوس
ذكر,بطرس
ذكر,تاوضروس
ذكر,ثروت
ذكر,عبدالمسيح
ذكر,رومان
ذكر,البرتو
ذكر,وديع
ذكر,فليكس
ذكر,انطونيوس
ذكر,جريس
ذكر,زكرى
ذكر,لندس
ذكر,بافلى
ذكر,انسطاسى
ذكر,صباح
ذكر,عبدالنور
ذكر,بولا
ذكر,حربى
ذكر,عبده
ذكر,بيشوى
ذكر,وصفى
ذكر,نشأت
ذكر,حرز
ذكر,بيمن
ذكر,توماس
ذكر,ناروز
ذكر,غالى
ذكر,رفيق
ذكر,رافت
ذكر,يسى
ذكر,وليم
ذكر,داود
ذكر,بنيامين
ذكر,مدحت
ذكر,الهم
ذكر,مارتن
ذكر,مارفن
ذكر,منسى
ذكر,وسيم
ذكر,يوساب
ذكر,صدقى
ذكر,انيس
ذكر,سليم
ذكر,اندرو
ذكر,عنتر
ذكر,رسمى
انثى,ايناس
ذكر,قاعود
ذكر,مصرى
انثى,سادين
ذكر,امجد
انثى,فريده
ذكر,ابوسمره
ذكر,الكريم
ذكر,ررأفت
انثى,هيا
ذكر,عابدين
ذكر,معيقل
ذكر,المعتصم
ذكر,بالله
ذكر,عبداللاه
ذكر,عبدالحى
ذكر,صميده
ذكر,عبدالقوى
ذكر,ضياء
ذكر,بهجت
ذكر,ابوالعلا
ذكر,عبدالجيد
ذكر,عصمت
ذكر,عياط
ذكر,مخيمر
ذكر,عبدالسميع
ذكر,موافى
ذكر,رضوان
ذكر,عبدالرؤوف
ذكر,منازع
انثى,انعام
ذكر,جما
ذكر,ل
انثى,بثينه
ذكر,حسب
ذكر,سلمان
انثى,تهانى
انثى,حبيبه
ذكر,جداوى
انثى,حسنيه
ذكر,الخشت
انثى,دلال
ذكر,شعيب
انثى,رابعه
ذكر,بدرى
ذكر,عزالدين
انثى,رسم
انثى,رشا
انثى,رغد
انثى,رندا
ذكر,عبدالرازق
انثى,زهراء
انثى,ساميه
انثى,سعاد
انثى,سلوى
انثى,سميره
انثى,سهام
انثى,شروق
ذكر,عبدالرشيد
انثى,شهيناز
ذكر,عبدالر
ذكر,حيم
ذكر,ناجح
ذكر,ناصح
ذكر,غانم
انثى,صابرين
ذكر,عبدالشافى
ذكر,عرابى
انثى,علياء
انثى,غدير
ذكر,عشماوى
انثى,فداء
انثى,قمر
انثى,كريمه
انثى,لوسى
ذكر,وهيب
انثى,مريان
ذكر,بشوى
ذكر,قلينى
ذكر,تهامى
ذكر,شكرى
ذكر,عبدالعدل
انثى,مهجه
انثى,ميرا
انثى,نجلاء
انثى,نجوى
انثى,ندا
انثى,نرمين
انثى,نشوى
انثى,نهى
انثى,نورا
ذكر,ابوسريع
ذكر,سريع
ذكر,شوقي
انثى,هويدا
انثى,ورد
ذكر,ابوالحسن
ذكر,اليزل
ذكر,زايد
ذكر,اسلمان
ذكر,ابوجبل
ذكر,رشاد
ذكر,عويطي
ذكر,عبدالمعز
ذكر,سطوحى
ذكر,معمدانى
ذكر,سند
ذكر,ديفد
ذكر,رائد
ذكر,عبدالسيد
ذكر,صيام
ذكر,برعى
ذكر,عبدالبديع
ذكر,شوربجى
ذكر,نور
ذكر,برديس
ذكر,معوض
ذكر,عمار
ذكر,عبود
ذكر,عونى
ذكر,مرتضي
ذكر,رفعت
ذكر,مطاوع
ذكر,مكادى
ذكر,جاد
ذكر,جادالحق
انثى,احلام
ذكر,ضيف
ذكر,عبدالوكيل
ذكر,معتوق
انثى,تنسيم
ذكر,ذكي
انثى,حميده
انثى,حنان
ذكر,محفوظ
انثى,رفقه
ذكر,فولي
ذكر,مهاد
انثى,شذى
ذكر,وهيدى
ذكر,نصار
ذكر,سعودى
ذكر,عبدالعاطي
انثى,عبله
ذكر,العلا
ذكر,رضى
انثى,عيده
ذكر,متولى
انثى,فتحيه
ذكر,متولي
انثى,ليلى
انثى,ماجده
انثى,مارجريت
انثى,مارلين
انثى,مارين
ذكر,مرزق
انثى,مياده
ذكر,طاهر
انثى,نسرين
ذكر,نادر
ذكر,راشد
ذكر,عواد
ذكر,نصر
ذكر,انطونى
ذكر,سوريال
ذكر,اديب
ذكر,سميح
ذكر,مختار
ذكر,مراد
ذكر,حجاج
ذكر,عبيده
ذكر,سنوسي
ذكر,مريس
ذكر,النصر
انثى,ازهار
ذكر,الوليد
ذكر,حسنين
انثى,جميله
ذكر,عطوه
ذكر,هوارى
انثى,رنيا
ذكر,شمردن
انثى,رويده
انثى,زهره
انثى,شاهنده
ذكر,داخلى
ذكر,زبد
انثى,ضى
ذكر,عمير
انثى,فاديه
ذكر,عبدالكافى
ذكر,صاوي
ذكر,فريج
ذكر,فيصل
انثى,نهال
ذكر,عمادالدين
ذكر,البدوى
انثى,وسيمه
ذكر,محجوب
ذكر,عبدالواحد
ذكر,محمدعيد
ذكر,صافى
ذكر,مندراوى
انثى,امينه
انثى,خديجه
ذكر,ستار
انثى,رغده
انثى,روحيه
ذكر,عبدالطيف
ذكر,مفتاح
انثى,سوزان
انثى,عزيزه
انثى,عصمت
انثى,عليه
ذكر,مسلم
ذكر,يحي
ذكر,مدين
ذكر,الهدى
ذكر,جادالكريم
ذكر,راغب
ذكر,اياد
ذكر,الرفاعى
ذكر,رفيع
ذكر,رشيد
ذكر,شافعى
ذكر,حردان
ذكر,عميره
ذكر,دمرداشى
ذكر,عقيله
انثى,تغريد
انثى,جيهاد
ذكر,مندر
انثى,سالمه
ذكر,وحيد
ذكر,بدر
انثى,صفيه
انثى,فايزه
انثى,مارى
ذكر,رومانى
ذكر,بشاره
ذكر,فريد
ذكر,فنجرى
ذكر,حيدر
ذكر,ابوطالب
انثى,هديه
ذكر,جاك
ذكر,عاصم
ذكر,جاهين
ذكر,عبدالرزاق
ذكر,مفدى
ذكر,منزر
ذكر,هنرى
ذكر,مقار
انثى,استير
ذكر,لويز
انثى,انتصار
انثى,بديعه
ذكر,طلبه
ذكر,خضر
ذكر,مصباح
ذكر,بكير
ذكر,بشندى
ذكر,رفله
انثى,ايلاريه
ذكر,مرزوق
ذكر,باخوم
انثى,جوليا
ذكر,دوس
انثى,رضوا
ذكر,ميخائل
انثى,شاديه
انثى,شريهان
انثى,شمس
انثى,فاتن
ذكر,مرشد
انثى,كامليا
انثى,لينا
انثى,ماريان
انثى,محبه
ذكر,حليم
ذكر,حنضل
ذكر,فرح
ذكر,متي
ذكر,يسن
انثى,ورده
انثى,يؤنه
ذكر,نوار
ذكر,ناثان
ذكر,يسي
ذكر,رامز
ذكر,خزام
ذكر,شهاب
ذكر,صموائيل
ذكر,اندراوس
ذكر,سيدهم
ذكر,ماركو
ذكر,امساعيل
ذكر,مشيل
ذكر,هدرا
انثى,تحيه
ذكر,مرتضى
انثى,الزهراء
ذكر,ابوالنجا
ذكر,ابوالمجد
ذكر,حسبن
ذكر,عمران
ذكر,النجا
ذكر,ابراهبم
ذكر,شندى
ذكر,معتمد
انثى,زينه
ذكر,دسوقى
انثى,سهير
ذكر,غالب
ذكر,محمدالفولى
ذكر,درويش
ذكر,هريدى
ذكر,عبدالغفار
انثى,غاليه
ذكر,سرحان
ذكر,منيسى
ذكر,مصلوح
ذكر,توتى
ذكر,عجمى
انثى,نعيمه
ذكر,الخشن
ذكر,مرتجى
انثى,وئام
ذكر,محسب
انثى,يسرا
ذكر,محمدابراهيم
ذكر,صبره
ذكر,داكر
ذكر,اكرم
ذكر,حميده
ذكر,فواد
ذكر,روحيم
ذكر,محمدالسعودى
ذكر,محمدالسنوسى
ذكر,عدى
ذكر,عاى
ذكر,محمدمحمد
ذكر,الحاج
ذكر,شتيوى
ذكر,طسن
ذكر,السعودى
ذكر,تونى
ذكر,محمدابو
ذكر,عيطه
ذكر,طربف
ذكر,محمدعلى
ذكر,الشيخ
ذكر,بدوى
انثى,افراح
انثى,ام
ذكر,محمدالسيد
ذكر,شلفامى
انثى,جنه
ذكر,زهير
ذكر,عارف
ذكر,عجيب
ذكر,مهدى
انثى,ناريمان
ذكر,شكرالله
انثى,نبيله
ذكر,نخله
ذكر,شاذلي
ذكر,محمدابوزيد
ذكر,الحمزه
ذكر,الفاروق
ذكر,كليب
ذكر,لملوم
ذكر,ابوهشيمه
ذكر,محمدصالح
ذكر,تلاوي
ذكر,محمدالامين
ذكر,محمدعبدالمقصود
ذكر,خضراوى
انثى,اسلام
ذكر,الادهم
ذكر,طنطاوى
انثى,اناسيمون
انثى,اوستينا
ذكر,ارمانيوس
ذكر,بشير
انثى,بتول
انثى,بسنت
ذكر,عملاك
انثى,تريزه
انثى,تيسير
انثى,حوريه
انثى,دولت
ذكر,ابوالفتح
ذكر,جادالله
ذكر,نزيه
انثى,رتيبه
ذكر,نبهان
ذكر,المهدى
انثى,سها
انثى,سهى
انثى,سوسن
انثى,سوسنا
انثى,سيمون
انثى,شاهيناز
انثى,عنود
ذكر,حسيت
ذكر,هديه
انثى,غيداء
ذكر,مقروش
انثى,فردوس
انثى,كاترينا
ذكر,شحات
انثى,كارولين
ذكر,مروزق
انثى,كاريمان
انثى,كرستينا
انثى,كيرمينا
انثى,لبنى
ذكر,ديب
انثى,مادلين
ذكر,نسيم
انثى,مارينه
انثى,ماريه
ذكر,حنس
ذكر,مرشى
ذكر,زاهى
انثى,نجاح
ذكر,شاوير
انثى,نفين
ذكر,عيسوى
ذكر,محمدين
ذكر,اميز
ذكر,قايد
ذكر,اساف
ذكر,افرايم
ذكر,السعدنى
ذكر,ايلى
ذكر,باهى
ذكر,بسام
ذكر,بيتر
ذكر,طوبيا
ذكر,سقر
ذكر,عفت
ذكر,ربيعى
ذكر,فيلبس
ذكر,ابن
ذكر,بقطر
ذكر,هيمن
ذكر,رجائى
ذكر,صهيب
ذكر,عبدالمعطى
ذكر,الداخلى
ذكر,فيراس
ذكر,عنانى
ذكر,فيليب
ذكر,كرم
ذكر,ماريو
ذكر,مشاضى
ذكر,الصغير
ذكر,مكاريوس
ذكر,متى
ذكر,رأفت
ذكر,عبدالمؤمن
ذكر,نجيد
ذكر,سبع
ذكر,سباعي
ذكر,العزم
انثى,جاكلين
ذكر,عبدالشافي
ذكر,لطف
انثى,سكينه
ذكر,العربى
ذكر,القاسم
انثى,كنز
انثى,مارسيل
ذكر,يني
انثى,ميرفت
ذكر,فرنسيس
ذكر,بسخرون
ذكر,لمعى
ذكر,لويس
ذكر,امبابي
ذكر,ابوهاشم
ذكر,متياس
ذكر,باسل
ذكر,بلال
ذكر,فايق
ذكر,جون
ذكر,رحيم
ذكر,ريمون
ذكر,منجى
ذكر,عبرنا
ذكر,امبابى
ذكر,راجى
ذكر,عبدالبصير
ذكر,حيني
ذكر,امرو
ذكر,عابد
ذكر,عبدالباسط
ذكر,سنوسى
ذكر,قرياقص
ذكر,محمدان
ذكر,مندى
ذكر,بهلول
ذكر,شاروبيم
ذكر,نايل
ذكر,عبدجرجس
ذكر,كتشنر
ذكر,تادضروس
ذكر,عبدالباري
ذكر,خاطر
انثى,ذكيه
انثى,رتاج
ذكر,خيري
ذكر,فرغلي
انثى,لمياء
ذكر,سمره
ذكر,زيد
ذكر,فكري
ذكر,منشاوى
ذكر,عبدالموجود
ذكر,عبدالشفوق
ذكر,جبريل
انثى,هيام
ذكر,قياتى
انثى,يسراء
ذكر,ترياق
ذكر,جمام
ذكر,صدام
ذكر,عبدالامام
ذكر,الدسوقي
ذكر,بارح
ذكر,المستجاب
ذكر,جراح
ذكر,شافعي
انثى,ابتسام
ذكر,محمدصفوت
انثى,اشرقت
انثى,اصاله
ذكر,خيرالله
انثى,ثامار
ذكر,حينى
ذكر,شرقاوى
ذكر,تاضروس
انثى,ديانا
ذكر,فلبس
انثى,راحيل
ذكر,وسيله
انثى,رواء
انثى,روزان
انثى,رويدا
انثى,ريمونده
انثى,ريناد
ذكر,مساعد
ذكر,جندى
ذكر,دانيال
ذكر,بانوب
انثى,سماء
ذكر,سييد
ذكر,محى
انثى,شوق
ذكر,مظهر
ذكر,عودانى
ذكر,دكروى
ذكر,فرغل
ذكر,شهدى
انثى,فبرونيا
انثى,كرستين
ذكر,واصف
انثى,كرمل
انثى,كرمينا
ذكر,شخلول
ذكر,مامون
انثى,ميرى
ذكر,شامه
انثى,نبويه
انثى,نهله
ذكر,احمدبك
انثى,نيرمين
ذكر,قادربوه
ذكر,مللكه
انثى,هى
ذكر,الحينى
ذكر,جوهر
ذكر,تمساح
ذكر,زوزو
ذكر,الجيلانى
ذكر,نجاح
ذكر,ونيس
ذكر,عبدبولس
ذكر,جوارجيوس
ذكر,ناعوم
ذكر,عتريس
ذكر,سفيان
ذكر,اطناسيوس
ذكر,العرب
ذكر,الرب
ذكر,ساويرس
ذكر,مارى
ذكر,عقبه
ذكر,انس
ذكر,عبدالبارى
ذكر,يوأنس
ذكر,عبدالرافع
ذكر,الريدى
ذكر,راجح
ذكر,كساب
ذكر,جعفر
ذكر,ذين
ذكر,جاب
ذكر,صبح
ذكر,شمس
ذكر,شوقت
ذكر,بهاءالدين
انثى,عدليه
انثى,مرثا
انثى,نوسيبه
ذكر,شبيب
ذكر,نثان
ذكر,عصران
ذكر,عصر
ذكر,نظيم
ذكر,زاهر
ذكر,مسألش
ذكر,ابوصمره
انثى,بدريه
انثى,ربيعه
انثى,رموندا
انثى,ريه
انثى,سحر
انثى,سعيده
ذكر,بركات
انثى,سيده
ذكر,احمدابوالليل
انثى,مديحه
انثى,منيره
ذكر,عزوز
ذكر,شاهين
ذكر,حكم
ذكر,الدالى
ذكر,عصرعباس
ذكر,وفقى
ذكر,شتوى
ذكر,سلام
ذكر,فلال
ذكر,عبدالرؤف
ذكر,عبدامام
ذكر,عزمى
ذكر,ناج
ذكر,الازهرى
ذكر,عزام
ذكر,عبدالمولى
ذكر,قعود
انثى,رؤى
ذكر,نصحى
ذكر,زراع
انثى,سعده
ذكر,السبع
انثى,فوزيه
ذكر,ازهرى
ذكر,حضيرى
ذكر,زيان
ذكر,بشاي
ذكر,علوانى
انثى,نسيم
ذكر,عبدالنافع
ذكر,هيبه
ذكر,هارون
ذكر,محارب
ذكر,عبدالصادق
انثى,خضره
ذكر,جايل
انثى,فرياله
ذكر,فرحان
ذكر,عا
ذكر,صم
ذكر,غا
ذكر,نم
ذكر,قدرى
انثى,شهيره
ذكر,
ذكر,الدايم
ذكر,مأمون
ذكر,جامع
ذكر,ايوب
ذكر,انجلى
انثى,فيبرونيا
انثى,ماريز
ذكر,لوقا
انثى,مرينا
ذكر,عريان
ذكر,منقريوس
ذكر,رمسيس
ذكر,رزيق
ذكر,ذكا
ذكر,شارويم
ذكر,المغربى
انثى,ملكه
ذكر,عشري
ذكر,هندى
ذكر,فرجانى
انثى,ثميه
انثى,سوسنه
انثى,فبروينا
انثى,ففيان
انثى,كاترين
ذكر,القمص
انثى,ليزا
ذكر,اسطفانوس
انثى,مارجليت
ذكر,وفيق
ذكر,سرى
انثى,مرام
ذكر,مجلى
انثى,منرفا
ذكر,وجدى
ذكر,سيحه
ذكر,جارد
ذكر,اندريو
ذكر,باترك
ذكر,نقولا
ذكر,ابراهى
ذكر,داخلي
ذكر,بدار
ذكر,زاخر
ذكر,حلمي
ذكر,مارك
ذكر,اسرائيل
ذكر,قزمان
ذكر,خذاعى
ذكر,سباق
انثى,اسيا
انثى,افت
ذكر,مرقس
انثى,افنان
ذكر,ولاء
ذكر,سلوانس
ذكر,عبدالمهيمن
ذكر,دكر
انثى,بطه
انثى,تسنيم
انثى,ثمر
انثى,جليله
انثى,حسنات
انثى,حمديه
انثى,خيريه
ذكر,تقاوى
ذكر,حصب
ذكر,عطالله
ذكر,مغربى
ذكر,قريا
ذكر,قص
ذكر,بكساوى
ذكر,حدود
انثى,رؤيات
انثى,رؤيه
انثى,رجاء
ذكر,نصرالدين
ذكر,رميحى
ذكر,عبدمرزوق
ذكر,زيادى
ذكر,انصارى
انثى,فيولا
انثى,لارا
انثى,لديا
ذكر,عطاالله
ذكر,جالى
انثى,نجاه
ذكر,بدينى
ذكر,غليوب
انثى,ننه
انثى,نها
ذكر,بريقع
انثى,هلا
ذكر,الاذهرى
ذكر,عبدعوض
ذكر,ابوعيشه
ذكر,مندور
ذكر,غنام
ذكر,جواد
ذكر,عشرى
ذكر,راسخ
ذكر,ديفيد
ذكر,عبدالمنطلب
ذكر,عكرمه
ذكر,حميد
ذكر,طانيوس
ذكر,فرجالله
ذكر,ماير
ذكر,عرفان
ذكر,الصاوى
ذكر,عبدالخالق
ذكر,وزير
ذكر,عجور
ذكر,هجرس
ذكر,مكارى
ذكر,داوود
ذكر,حفنى
ذكر,فناويل
انثى,ارينى
ذكر,موسي
ذكر,ذهنى
انثى,اقسام
ذكر,دقش
انثى,ايفون
انثى,ريتا
ذكر,بدروس
انثى,فيفيان
انثى,مرزقه
ذكر,مترى
انثى,مريانه
ذكر,فرن
ذكر,كتشر
ذكر,مجلي
ذكر,طلعات
ذكر,تهامي
ذكر,اشعياء
ذكر,شتيوي
ذكر,بباوي
ذكر,غزالى
ذكر,عبدالونيس
ذكر,شارلى
ذكر,كدوانى
ذكر,عبدالجبار
ذكر,ابوخاطر
ذكر,سارى
ذكر,قسطور
ذكر,وانيس
ذكر,شيتوى
ذكر,اوميل
ذكر,شكير
ذكر,مفرح
ذكر,معاويه
ذكر,عديل
انثى,جميانه
انثى,جواهر
انثى,ريموندا
ذكر,شلابى
ذكر,البرت
ذكر,مالك
ذكر,صرافيل
انثى,ماهيتاب
انثى,مريانا
ذكر,بشاى
ذكر,سوس
ذكر,عبدشهات
ذكر,ولاه
انثى,نجيه
انثى,نرما
ذكر,مكين
ذكر,حمادالتونى
ذكر,يحيا
ذكر,وراد
ذكر,وهدانى
ذكر,امشيل
ذكر,ينى
ذكر,ابيب
ذكر,امطولى
ذكر,بحبح
ذكر,دارج
ذكر,معبدخليفه
ذكر,نبيشى
ذكر,ارنست
ذكر,مرش
ذكر,تغيان
ذكر,فايد
ذكر,ابوعجيله
ذكر,لمبى
ذكر,ميرون
ذكر,مستجاب
ذكر,غزال
ذكر,كويس
ذكر,عبداحافظ
ذكر,حمزاوى
انثى,تسابيح
ذكر,ليس
انثى,ثريا
ذكر,عبداحليم
انثى,جاسيكا
ذكر,قذافى
انثى,حلا
انثى,حنين
ذكر,الجود
انثى,رئيسه
انثى,راما
انثى,رانا
ذكر,حمد
ذكر,عبدالحق
ذكر,عبدالحي
ذكر,شكر
ذكر,عبدادريس
ذكر,الحداد
ذكر,الياس
انثى,ميريت
ذكر,قناشي
انثى,نجوان
انثى,نوران
ذكر,لكوم
انثى,هديل
ذكر,صاروفيم
انثى,وصال
ذكر,منيس
ذكر,ابوجلال
ذكر,الادهس
ذكر,ايساف
ذكر,بيجول
ذكر,رسم
ذكر,رويس
ذكر,مصلح
ذكر,سامر
ذكر,قناش
ذكر,مندوه
ذكر,حلبى
ذكر,شلبي
ذكر,كيراس
ذكر,قلاده
ذكر,فخري
ذكر,شامخ
ذكر,فريز
ذكر,عبادى
انثى,اضواء
ذكر,مخلف
انثى,حليمه
انثى,رولا
ذكر,عبدالتواب
ذكر,خلاف
انثى,صالحه
انثى,عايشه
ذكر,مطرف
ذكر,عبداالغنى
ذكر,خشت
ذكر,زغبى
ذكر,عدوى
ذكر,حنيش
ذكر,الساعدى
انثى,صافيه
انثى,غزاله
انثى,كماله
ذكر,منتصل
ذكر,عبدالفضيل
ذكر,وردانى
ذكر,سويسى
ذكر,الجارح
ذكر,بحر
ذكر,مؤيد
ذكر,عبدالنبي
ذكر,مراجى
ذكر,مهيدى
انثى,انهار
انثى,حياه
ذكر,وديد
ذكر,نفادى
انثى,فيروز
ذكر,حمدي
ذكر,اللـه
ذكر,عبداللـه
ذكر,وافى
ذكر,لامى
ذكر,قويه
ذكر,بريك
ذكر,واعر
انثى,سالمين
انثى,سعديه
ذكر,مقاوى
ذكر,ترعه
انثى,مرزوقه
ذكر,سعدى
ذكر,ابوترعه
ذكر,مجاور
ذكر,ابوالسعود
ذكر,نجم
ذكر,طوير
ذكر,عريبى
ذكر,لافى
ذكر,ابوهدمه
ذكر,عليان
ذكر,كحيل
ذكر,برانى
ذكر,هدوار
ذكر,نصير
ذكر,بلاش
ذكر,مشرقى
ذكر,ديهوم
ذكر,ابوناصر
انثى,خليل
ذكر,شوال
ذكر,فتحي
انثى,كفايه
انثى,ميرهان
ذكر,عبدابراهيم
ذكر,استافرو
ذكر,البير
ذكر,بشار
ذكر,مايز
ذكر,روؤف
ذكر,تيمتاوس
ذكر,ماضى
ذكر,دسوقي
ذكر,وريد
ذكر,معاز
ذكر,فطيم
ذكر,يؤنس
ذكر,ررشدى
ذكر,ابوالجود
انثى,هنيه
انثى,وداد
ذكر,ادهس
ذكر,مزروع
ذكر,سعداوي
انثى,اروه
ذكر,اليشع
انثى,انصاف
انثى,رضواى
انثى,ريحاب
انثى,سميحه
ذكر,حميدو
ذكر,الامام
انثى,محاسن
انثى,مشاعل
ذكر,صغير
انثى,ست
ذكر,الناس
ذكر,جبلى
انثى,يامنه
ذكر,تاوضرس
ذكر,كارم
انثى,مجدلين
انثى,نعناعه
انثى,نواره
ذكر,فزاع
ذكر,جاسر
ذكر,عبدرزيق
ذكر,عوداتى
ذكر,توحيد
ذكر,حزين
ذكر,عواداتى
ذكر,نوفل
ذكر,عبدعمار
ذكر,منبى
ذكر,متموح
ذكر,عجيله
ذكر,راتب
ذكر,مقرب
ذكر,اعمار
ذكر,دحدوح
ذكر,توني
ذكر,خير
ذكر,قاضى
ذكر,عزايم
ذكر,ابوالمكارم
ذكر,ليثى
ذكر,وفدى
ذكر,ابوكريشه
انثى,ان
انثى,انجلينا
انثى,انغام
انثى,ايلين
ذكر,توفيلس
انثى,ايمى
انثى,ايميلينا
انثى,برباره
ذكر,ابواليمين
ذكر,بهى
ذكر,خشبه
ذكر,علاءالدين
ذكر,محمدالعربى
ذكر,دمرداش
ذكر,مشرف
انثى,جاسمين
انثى,جنات
انثى,جنى
ذكر,طلاس
انثى,جوزفين
انثى,جونير
انثى,جوى
ذكر,جيمى
انثى,جويس
ذكر,جليل
انثى,جيسكا
انثى,جينا
ذكر,عربى
ذكر,محمدطلعت
ذكر,جرجاوى
ذكر,طنيوس
انثى,ربا
ذكر,معبد
انثى,رضوانه
انثى,رفيده
ذكر,ابوالعزايم
ذكر,ادور
انثى,روجينا
ذكر,حمدو
ذكر,الحبيبى
ذكر,رجاء
ذكر,سويلم
انثى,زينا
ذكر,بديع
ذكر,محيى
ذكر,شيمى
انثى,سالى
انثى,سلطانه
انثى,سلفيا
ذكر,جبره
ذكر,بشر
ذكر,منتسل
ذكر,مليجي
ذكر,النزهى
انثى,سندس
انثى,سندى
ذكر,كميل
انثى,سوزى
انثى,سيلفانا
انثى,سيمونا
انثى,شدو
انثى,شذا
ذكر,المعتزبالله
ذكر,ابوعوف
ذكر,ريدى
ذكر,جبلاوى
ذكر,السهلى
انثى,عفاف
انثى,عنان
انثى,عهد
انثى,عواطف
انثى,فيفى
انثى,كارين
ذكر,اشير
ذكر,مؤنس
ذكر,بسطاوروس
ذكر,ساويريس
انثى,كلارا
ذكر,عبدالميسح
انثى,لقاء
ذكر,بغدادى
انثى,لوجى
انثى,ماجى
ذكر,ملك
ذكر,ميشيل
انثى,ماروسكا
ذكر,عزب
انثى,ماريا
ذكر,كاشف
انثى,مايا
انثى,مايسه
ذكر,زهران
ذكر,كرلس
ذكر,بسطورس
ذكر,عبدالجامع
ذكر,فيكتور
ذكر,دلور
ذكر,مهيب
ذكر,فكتور
انثى,مهرانيل
ذكر,هواش
انثى,مهيتاب
انثى,ميرولا
انثى,ميريم
انثى,ميسون
ذكر,وهبى
ذكر,البكساوى
ذكر,علوان
ذكر,طهير
انثى,نيره
انثى,همت
انثى,هيلانه
انثى,وسام
ذكر,مكادي
انثى,ارؤى
ذكر,رسمي
انثى,روعه
انثى,زهاء
ذكر,حمايه
انثى,كارمينا
انثى,تريفينا
ذكر,ارميا
انثى,روتاج
انثى,شاهى
ذكر,الحق
انثى,لوسيا
ذكر,لوكاس
ذكر,باسخرون
ذكر,استيفن
ذكر,عتبه
ذكر,انطون
ذكر,ارسانيوس
ذكر,استفانوس
ذكر,طرهونى
ذكر,فلوباتير
ذكر,كاراس
ذكر,غبد
ذكر,الحكيم
ذكر,قديس
انثى,هنا
ذكر,ارسانى
ذكر,رؤوف
ذكر,ستيفن
ذكر,كرومر
ذكر,حسيب
ذكر,رسن
ذكر,غندور
ذكر,ابوالعيون
ذكر,هروجى
ذكر,كفلى
ذكر,خفاجه
ذكر,عرندز
انثى,لوجين
ذكر,برديسي
ذكر,سوبي
ذكر,اسلم
ذكر,الشربينى
ذكر,الخولى
ذكر,ابوالسعد
ذكر,عبداله
ذكر,السوبى
ذكر,جيلانى
ذكر,سجيد
ذكر,المعتز
ذكر,يواقيم
ذكر,العارف
ذكر,عسقلانى
ذكر,سدراك
ذكر,دبركى
ذكر,حذيفه
ذكر,رشدي
ذكر,ذياد
ذكر,خواجه
ذكر,فليب
ذكر,عبدكيرلس
ذكر,كوسيجين
ذكر,الجيد
ذكر,شاهر
ذكر,برجاس
ذكر,بدران
ذكر,عليوه
ذكر,مغربي
ذكر,حموده
ذكر,دفتر
ذكر,مكاوى
ذكر,عتمان
ذكر,الزين
ذكر,بردهونى
ذكر,الرحمن
ذكر,كاظم
ذكر,بشريده
ذكر,اجمد
ذكر,سمرى
ذكر,بسطوروس
ذكر,ماضي
ذكر,تاج
ذكر,نادي
ذكر,شرعى
ذكر,برنس
ذكر,عساف
ذكر,ذكريا
ذكر,سطوحي
ذكر,وفائى
ذكر,مشتاق
ذكر,الشافعى
ذكر,راضي
ذكر,معاذ
ذكر,محمدأبوالقاسم
ذكر,اشعيا
ذكر,حويا
ذكر,يامن
ذكر,شلبى
ذكر,البنا
ذكر,عبدالمعم
ذكر,بطاطا
ذكر,عبدالمعيد
ذكر,محمدحلمى
انثى,حجازيه
ذكر,غنيم
ذكر,فيض
انثى,نعمات
ذكر,احلام
ذكر,المشتاوى
ذكر,هيكل
ذكر,دخيل
ذكر,نبوى
ذكر,فضلى
ذكر,عبدالصابر
ذكر,السعود
ذكر,بياوى
ذكر,اورى
ذكر,جحا
انثى,راويه
ذكر,زهيرى
ذكر,طيبى
انثى,سماهر
ذكر,عزالعرب
ذكر,ابوالعالمين
ذكر,هايم
ذكر,مصعب
ذكر,الرشيدى
ذكر,عبدالبر
ذكر,النحاس
ذكر,فتجى
ذكر,اوليفر
ذكر,جبران
ذكر,ثرى
ذكر,ناصف
ذكر,مهاود
ذكر,دوماديوس
ذكر,رائف
ذكر,قسطنجى
ذكر,محمدالصاوى
ذكر,شوبك
ذكر,سوبى
ذكر,مفيد
ذكر,اياتى
ذكر,فليوباتير
ذكر,عد
ذكر,الموجود
ذكر,يسخرون
ذكر,جمل
ذكر,ابودسوقى
انثى,اعطاف
ذكر,حسني
ذكر,عبدالمتجلى
ذكر,لله
انثى,بدور
ذكر,جهمي
ذكر,يوحنا
ذكر,سادات
انثى,رزقه
انثى,زمزم
انثى,سجى
ذكر,مدبولى
انثى,سمراء
انثى,سنيه
ذكر,ضاحي
ذكر,حلبي
ذكر,حفيظ
ذكر,باذيد
انثى,كريمان
انثى,مايفل
ذكر,ابوسخرون
انثى,نادره
انثى,نارمين
ذكر,الليل
ذكر,الصاوي
انثى,نوسه
انثى,هدايه
ذكر,شرقاوي
ذكر,يسر
انثى,هنادى
ذكر,كستر
انثى,اماره
ذكر,المصرى
ذكر,عوده
ذكر,ابوالفضل
ذكر,ملازم
انثى,عليا
انثى,كنزى
ذكر,فداوى
ذكر,السباعى
انثى,حبييه
ذكر,حنفي
انثى,سجده
ذكر,شهيد
ذكر,ابوالعباس
ذكر,رشوان
انثى,نارمان
ذكر,خلود
ذكر,سخى
ذكر,الزهرى
ذكر,نداوي
ذكر,بوش
ذكر,شعراوي
انثى,اشراق
ذكر,معيش
انثى,انجل
ذكر,استراتى
انثى,فايقه
انثى,فريال
انثى,كارمين
ذكر,عبدمناع
انثى,كيريا
انثى,مرتين
ذكر,نعمانى
ذكر,عكه
ذكر,ادوارد
ذكر,سويفى
انثى,هلبيس
ذكر,معتذ
ذكر,الجميل
ذكر,القذافى
ذكر,طالب
ذكر,قرقور
ذكر,عبدناشد
ذكر,عبدالشكور
ذكر,الكرانى
ذكر,غلاب
انثى,انشراح
ذكر,مومن
انثى,توئه
انثى,حور
ذكر,قضب
انثى,راندا
ذكر,لؤى
ذكر,الوردانى
ذكر,الكحلاوى
انثى,صافيناز
انثى,عيشه
انثى,مورا
ذكر,تواب
انثى,يمنى
ذكر,المكارم
ذكر,مداح
ذكر,ابوالغيط
ذكر,هلالي
ذكر,حمتو
ذكر,عطاالكريم
ذكر,حنطور
ذكر,الضوى
ذكر,لطفي
ذكر,مخائيل
ذكر,ابادير
ذكر,نصرت
ذكر,عبدالمخلف
ذكر,محمدسيد
ذكر,يدرى
ذكر,غفار
ذكر,يوانس
ذكر,ابوالدهب
انثى,توحيده
ذكر,بهسناوى
انثى,مشيره
انثى,وضحه
ذكر,ضوى
ذكر,القرنى
انثى,انجه
انثى,جوهانا
انثى,حفصه
ذكر,سعفان
انثى,سوما
انثى,شربات
ذكر,ابوالحسين
انثى,فدوى
ذكر,روبى
ذكر,الفى
انثى,نجات
ذكر,عبدالراضى
انثى,ياره
ذكر,اسر
ذكر,بهنساوى
ذكر,الغندقلى
ذكر,محمدالصغير
ذكر,زيدون
ذكر,شوكت
ذكر,نشئ
ذكر,قطيعى
انثى,رحيل
ذكر,دبشه
ذكر,بحيري
ذكر,باشا
ذكر,بهنساوي
ذكر,طرفاوى
انثى,نصره
ذكر,نجدى
انثى,هيلدا
ذكر,سعدالدين
ذكر,وفاء
ذكر,بحيرى
ذكر,فيلوباتير
ذكر,بهدالى
ذكر,ليون
ذكر,عجايبى
ذكر,الجنيدي
ذكر,مكى
انثى,بوسى
ذكر,شنيوى
انثى,جانيت
انثى,جيلانه
ذكر,حفني
ذكر,النادي
انثى,فاكهه
ذكر,مصبح
ذكر,محمدمهنى
ذكر,عبدالباقي
ذكر,يشرى
ذكر,جلبى
ذكر,الشبكشى
ذكر,بساده
ذكر,ليثي
ذكر,صمؤئيل
ذكر,ابسخيرون
ذكر,مريان
ذكر,قليد
ذكر,-
انثى,فوز
ذكر,بربري
ذكر,موفق
ذكر,سهيل
ذكر,امبن
ذكر,ابوالعيد
ذكر,سبد
ذكر,سلبم
انثى,اريج
ذكر,فلمون
ذكر,نبيش
ذكر,ابوسته
ذكر,بدرالدين
ذكر,هلالى
انثى,جنينه
انثى,ذهب
ذكر,رويشد
انثى,رانده
انثى,عباسيه
ذكر,نجاتى
ذكر,المولى
ذكر,بديني
انثى,نانا
ذكر,الجرودى
ذكر,الحمد
ذكر,ميهوب
ذكر,سوسى
ذكر,معبدمحمد
ذكر,مجيدى
انثى,انجيل
ذكر,حشاد
ذكر,بندى
انثى,يوستينه
ذكر,جفال
انثى,اقبال
ذكر,بيجين
ذكر,صدقي
ذكر,زعفران
انثى,امندا
ذكر,هجرسى
انثى,ايزيس
ذكر,اكرامى
ذكر,عبداسلام
انثى,جاسى
انثى,جمالات
ذكر,واسع
ذكر,منهرى
ذكر,رتيب
ذكر,ورداني
ذكر,مغاورى
انثى,روأنا
ذكر,بولاق
انثى,زنيب
ذكر,غول
ذكر,عشم
ذكر,ثايت
ذكر,نيسان
انثى,سوميه
ذكر,سهل
ذكر,شهندى
ذكر,بكري
انثى,عاليه
ذكر,طهماوى
ذكر,طراف
ذكر,امبل
ذكر,لادي
انثى,كريستين
انثى,ليديه
ذكر,طوسه
ذكر,مكسموس
ذكر,اسكارس
ذكر,ضاني
ذكر,سلطن
ذكر,عبدالولي
ذكر,العيد
ذكر,مهران
ذكر,مهدي
ذكر,حمعه
ذكر,شبل
ذكر,ريان
ذكر,سيلا
ذكر,حقى
ذكر,انجيليوس
ذكر,غالي
ذكر,الهادى
ذكر,هندي
ذكر,سيله
ذكر,جيسن
ذكر,ساهر
ذكر,السعيد
ذكر,ابوخليل
ذكر,قرضابى
ذكر,يولس
ذكر,شمندى
ذكر,عبدالخبير
ذكر,مين
ذكر,ميللر
ذكر,واقيم
ذكر,عبداللا
ذكر,عباده
ذكر,انياظ
ذكر,عبدالنظير
ذكر,كحلاوى
انثى,شفاء
ذكر,خويلد
انثى,نجوات
ذكر,ابوالحارث
ذكر,السمالوطى
ذكر,ابواليزيد
ذكر,عبدالدائم
ذكر,مشهور
انثى,زهور
انثى,سمريه
انثى,شوقيه
ذكر,عبدالمعين
ذكر,قليعى
ذكر,ابراهم
ذكر,حسينى
ذكر,التونى
ذكر,الاصنع
انثى,اخلاص
ذكر,العتريس
انثى,بلسم
انثى,حهاد
انثى,دانا
ذكر,مناف
ذكر,العىتريس
ذكر,حلف
ذكر,عامرعبدالمطلب
ذكر,جسرى
ذكر,اخمد
ذكر,زويد
انثى,جسيان
انثى,راشيل
ذكر,حندوق
ذكر,قليني
ذكر,ابواليل
انثى,غنيه
ذكر,نسييم
ذكر,جمبل
انثى,مربم
ذكر,جندي
ذكر,اثنانيوس
ذكر,شعيان
ذكر,جادالرب
ذكر,اشتياق
ذكر,بهيج
ذكر,هابيل
ذكر,القمس
ذكر,دكش
ذكر,روماريو
ذكر,صمويل
ذكر,نيبل
ذكر,عبدالمزيد
ذكر,مطيره
ذكر,صدق
ذكر,كيرليس
ذكر,ماكاريوس
ذكر,غيد
ذكر,صداق
ذكر,نويجع
ذكر,يوثام
ذكر,عبدالمنجى
انثى,نوريهان
انثى,ارزاق
انثى,اسمهان
ذكر,ابوحليبى
ذكر,تيسير
ذكر,المنتصر
انثى,سليمه
انثى,صفا
انثى,مودلين
انثى,نريمان
ذكر,صابرين
ذكر,عبدالقوي
ذكر,المدثر
ذكر,الهوارى
ذكر,بسيوني
ذكر,نزهى
ذكر,عدنان
ذكر,ريحان
انثى,اريهام
ذكر,تركى
انثى,انثال
انثى,اولفيا
ذكر,جرس
انثى,حريه
ذكر,احمدي
انثى,زبيدا
ذكر,ابوشوشه
انثى,سندسيه
انثى,شاهندا
ذكر,مادح
ذكر,برسطاوى
انثى,نحمده
ذكر,فركاش
ذكر,مفضل
ذكر,ابوعميره
ذكر,ابوالشلابى
ذكر,جاسم
ذكر,الماوى
ذكر,قادر
ذكر,نظمى
ذكر,خشروم
ذكر,منور
ذكر,فهد
ذكر,ابوعشه
ذكر,امباشى
ذكر,اشواشين
ذكر,ابوهارون
ذكر,جبالى
انثى,دهب
ذكر,حمام
ذكر,ابوطرفايه
ذكر,جلغاف
ذكر,شحته
ذكر,احمدى
انثى,فريجه
انثى,مبروكه
ذكر,عبدالنادى
ذكر,نميرى
ذكر,مقرحى
ذكر,العزايم
ذكر,زبون
ذكر,ابوطلاس
ذكر,السعدى
ذكر,مشوادى
ذكر,عرموش
ذكر,ابوحلفايه
ذكر,نخنوخ
انثى,ندره
ذكر,عجب
ذكر,صفى
ذكر,هراس
ذكر,مويس
انثى,مدلله
ذكر,برميل
ذكر,شواط
ذكر,اسماعبل
ذكر,حاكم
ذكر,عبدحسن
ذكر,شقلوف
ذكر,بخاطره
ذكر,الرزق
ذكر,الانصارى
ذكر,عويضه
ذكر,شيبه
ذكر,رفغت
ذكر,الصادق
انثى,كريستينا
انثى,نعمت
ذكر,الفولى
ذكر,سلمى
ذكر,سلمي
ذكر,حسلم
ذكر,السادات
ذكر,عيسوي
ذكر,نجات
ذكر,عبدالمنجي
انثى,اشجان
ذكر,رشدان
انثى,البتول
ذكر,العظيم
ذكر,عليش
ذكر,جرو
ذكر,عبدالعواض
ذكر,انشد
ذكر,شداد
ذكر,قاياتى
ذكر,رحاب
انثى,رايقه
ذكر,البو
ذكر,اتشد
ذكر,عاكف
انثى,نداء
ذكر,الصفا
ذكر,شعرواى
ذكر,حمزاوي
ذكر,جارحي
ذكر,بلياس
ذكر,هلشم
ذكر,قضاوى
ذكر,حفظ
ذكر,نورا
انثى,قمره
انثى,مجده
ذكر,غزات
ذكر,عبدالشلفى
ذكر,شرف
ذكر,وسيلي
ذكر,برازان
ذكر,تاوفليس
ذكر,ابوالعلاء
ذكر,توفبق
ذكر,عذرا
ذكر,مبخائيل
ذكر,جادالسيد
ذكر,سامي
انثى,هيدى
ذكر,برام
ذكر,سلومه
ذكر,زخارى
ذكر,النمر
ذكر,ابوالوفاء
ذكر,غرام
ذكر,سفين
ذكر,بهجات
ذكر,عبدالمعتمد
ذكر,متحت
ذكر,منشاوي
ذكر,تمام
ذكر,العبيد
ذكر,نوح
ذكر,نمام
ذكر,ندير
ذكر,منجي
ذكر,شاهد
ذكر,رزاق
ذكر,بليغ
انثى,قدريه
انثى,لواحظ
ذكر,بدير
ذكر,شهاد
ذكر,قريش
ذكر,اغابيوس
ذكر,مرغني
ذكر,الداخلي
ذكر,طايع
ذكر,وهمان
ذكر,بدري
ذكر,عبدا
ذكر,الخالق
ذكر,زيزى
ذكر,الحتى
ذكر,الدمرداش
ذكر,عزولاني
ذكر,الدمرداشى
انثى,بنوره
ذكر,الليثي
انثى,زيناهم
انثى,ستهم
ذكر,الرازق
ذكر,يحيي
انثى,منتصره
ذكر,نقودى
انثى,ناجحه
ذكر,فاخر
ذكر,زرعى
ذكر,ميخائبل
ذكر,القياتى
ذكر,بسمان
ذكر,بيباوى
ذكر,طايل
ذكر,شهير
ذكر,وحش
ذكر,رشيدى
ذكر,العيون
ذكر,حكشه
ذكر,عزقلاني
ذكر,مرايف
ذكر,الليثى
انثى,بسيمه
انثى,حماس
انثى,ذكرى
انثى,روح
ذكر,نتيج
ذكر,قدس
انثى,مدينه
انثى,ميسره
ذكر,قاصد
ذكر,غديرى
ذكر,قبيضه
ذكر,الطبلاوى
ذكر,عفيفي
انثى,اموره
ذكر,الفونس
انثى,برنسا
ذكر,محيسن
انثى,بلطيه
انثى,بهيثا
ذكر,الخلعى
انثى,تقوى
ذكر,فراح
ذكر,النعيم
ذكر,مشمش
ذكر,فتوح
ذكر,توحه
انثى,سهرانه
ذكر,ابوالكرامات
ذكر,ازرق
ذكر,مندارى
انثى,عطيات
ذكر,امرى
ذكر,مقبول
انثى,كمال
انثى,مسعوده
ذكر,فصيبح
ذكر,الحميد
ذكر,عبدالحارس
ذكر,مقبولى
ذكر,سنجر
ذكر,طبلاوى
ذكر,عصمان
ذكر,غيربال
انثى,جيلان
ذكر,جرحس
انثى,سانتى
انثى,عايده
انثى,كرمه
انثى,كيرستين
ذكر,مكسيوس
ذكر,بسيط
انثى,محفوظه
انثى,مروا
ذكر,هلقاني
انثى,منجده
ذكر,عاطب
ذكر,مسعان
ذكر,داس
انثى,ننسى
ذكر,تكلا
ذكر,عطانه
ذكر,انجلي
ذكر,جبرائيل
ذكر,استيفان
ذكر,تكله
ذكر,عبدرياض
ذكر,جوفان
ذكر,فليمون
ذكر,مكيموس
ذكر,بطوروس
ذكر,طهماوي
ذكر,عبدالراقع
ذكر,مرداش
ذكر,عرابي
ذكر,ابوسيفين
ذكر,فيزى
ذكر,عبالله
ذكر,شربف
ذكر,عتيق
ذكر,الكبير
ذكر,وسام
ذكر,عبدالمتمنى
ذكر,وافي
ذكر,صفاء
ذكر,خضرى
ذكر,معنى
ذكر,عبداسماعيل
انثى,مونيكا
ذكر,مخالى
انثى,نظيره
ذكر,عطى
ذكر,حيضر
ذكر,اتور
ذكر,اسيد
ذكر,مثبت
ذكر,ماثيو
ذكر,امره
انثى,ايريكا
ذكر,شرلى
ذكر,لطيف
انثى,جوفانه
انثى,جومانا
ذكر,سيفين
ذكر,ابوالفيل
ذكر,سعدنى
ذكر,بسطاورو
انثى,روز
ذكر,عرندس
ذكر,ابوسيف
ذكر,سدره
ذكر,غبدالله
ذكر,فونس
ذكر,لوندى
ذكر,سومحه
انثى,لورنا
ذكر,زاخريوس
ذكر,عبدصاروفيم
انثى,مارفا
انثى,ماريهان
انثى,مانويلا
ذكر,معمدان
انثى,مريت
انثى,مريهان
ذكر,غايس
ذكر,عبدالفادى
ذكر,طنج
ذكر,سنفرو
انثى,يوأنا
ذكر,صارفيم
ذكر,ذاكي
ذكر,اسطاور
ذكر,كيهك
ذكر,حبيش
ذكر,سنكري
ذكر,جوني
ذكر,حمده
ذكر,رؤول
ذكر,راؤول
ذكر,تايب
ذكر,وردى
ذكر,شارل
ذكر,يسئ
ذكر,عرموس
ذكر,نورى
ذكر,ملر
ذكر,نديم
ذكر,مريز
ذكر,ابوحليقه
ذكر,رحومه
ذكر,فيومى
ذكر,حدوت
ذكر,زروق
ذكر,دمينى
ذكر,بسل
ذكر,عبدنادى
ذكر,موره
ذكر,نجاه
ذكر,مرغنى
ذكر,هرام
ذكر,شلاتيت
انثى,اردينا
انثى,اوجنيه
ذكر,استيرو
ذكر,الهامى
ذكر,سهام
ذكر,منداراوى
ذكر,ابوالعلمين
ذكر,الغندورى
انثى,هبا
انثى,يورين
ذكر,الحنبولي
ذكر,الزناتى
ذكر,هنداوى
ذكر,هيدرا
ذكر,السنوسى
انثى,رجبيه
ذكر,شرموخ
ذكر,ابوحلقه
انثى,شلبيه
انثى,منجه
ذكر,اسمناعيل
ذكر,تمى
ذكر,رابح
انثى,يثرب
ذكر,ابرأهيم
ذكر,عارز
ذكر,ابوالحلى
ذكر,عبدالرزق
ذكر,احسان
ذكر,الخير
ذكر,مغيث
ذكر,ايثم
ذكر,زهرى
ذكر,عبدالغنني
ذكر,سباعى
ذكر,مياس
ذكر,مجاهيد
ذكر,انورالسادات
ذكر,زربيه
ذكر,صافي
ذكر,عبدمناف
ذكر,عبدالمولي
ذكر,ميمون
ذكر,ابوحويه
انثى,انوار
ذكر,شحيت
ذكر,حوسين
ذكر,الديك
ذكر,الميمون
ذكر,حرباوى
انثى,كاميليا
ذكر,فرفور
ذكر,منبيشى
ذكر,شجيت
ذكر,علاق
ذكر,علوى
ذكر,ضبع
ذكر,اكحيميش
ذكر,جنيدى
ذكر,انجليوس
ذكر,الزينى
ذكر,عبدالكافي
ذكر,بادير
ذكر,هديب
ذكر,عبدالقدوس
ذكر,ابوالكارم
ذكر,الوهاب
انثى,برايت
انثى,جوفينا
انثى,زوزو
انثى,ساندرينا
ذكر,مجيد
انثى,فيرونا
ذكر,رمزي
انثى,مارفى
ذكر,جبيب
ذكر,قمر
ذكر,امشير
انثى,نردين
ذكر,شقراني
ذكر,هديا
انثى,اوميمه
ذكر,النعاس
ذكر,العادل
انثى,نقيه
انثى,نهاد
ذكر,الدوله
ذكر,سويكر
ذكر,فضيل
ذكر,الكيلاني
ذكر,امبيشى
ذكر,حرب
ذكر,المبروك
ذكر,مريض
ذكر,قدافى
ذكر,سويس
ذكر,عنبر
ذكر,ابوخليفه
ذكر,عشورى
ذكر,ابوغراره
ذكر,عبدالمرشد
ذكر,خفيف
انثى,سالسبيل
ذكر,عزاوى
انثى,سونيا
ذكر,الالفى
ذكر,ابوالنصر
ذكر,زاينهم
ذكر,عوضين
ذكر,قريشى
انثى,جود
انثى,شويكار
ذكر,ابوالحمد
ذكر,عيون
انثى,هياء
ذكر,محمو
ذكر,د
ذكر,منصف
ذكر,الطرشانى
ذكر,القادر
ذكر,مدكور
انثى,اعتماد
ذكر,عبدالعاظيم
انثى,بهاء
انثى,رحيق
ذكر,الحقي
انثى,شهنده
ذكر,جسار
ذكر,متصر
ذكر,سرور
ذكر,العبد
انثى,افرونيا
ذكر,عاذر
انثى,دولاجى
ذكر,الشريف
ذكر,هايمن
ذكر,صبحي
ذكر,نشات
ذكر,اصلاني
ذكر,النشار
ذكر,فنحى
ذكر,الحنفى
ذكر,سعود
ذكر,عبدالمنصف
ذكر,المعزلدين
ذكر,مارلى
ذكر,بندرى
ذكر,خطار
ذكر,لنعيم
ذكر,ابوا
ذكر,لعمران
ذكر,ادوار
انثى,زبيده
ذكر,ا
ذكر,رحب
ذكر,بواقيم
ذكر,البكرى
ذكر,شربينى
ذكر,شربيني
ذكر,عبدعطا
ذكر,غبور
ذكر,محمدود
ذكر,سريال
انثى,ايفلين
ذكر,ميمى
انثى,بارثينه
انثى,بدر
ذكر,الريس
ذكر,بر
انثى,زبنب
ذكر,دنديشى
انثى,عز
انثى,فر
ذكر,حه
ذكر,ممد
انثى,كلير
ذكر,سمسوم
ذكر,شكري
ذكر,ترياك
ذكر,اشعيه
انثى,ميريهان
ذكر,الجندي
ذكر,سحاق
انثى,يوليانه
ذكر,ابوخالد
ذكر,ابوالنيل
ذكر,عيادالصغير
ذكر,عبدلله
ذكر,ملتياد
ذكر,صقى
ذكر,عبدشكرى
ذكر,المسيح
ذكر,زكا
انثى,تونس
انثى,روفيدا
ذكر,رمصان
ذكر,ارشيد
انثى,فضل
ذكر,راجي
ذكر,بدوي
انثى,نجيبه
ذكر,ابواسماعيل
ذكر,السمرى
ذكر,زخاري
ذكر,بفام
ذكر,بحي
ذكر,طونى
ذكر,عرقات
ذكر,هنري
ذكر,جرجاوي
ذكر,كراس
انثى,اوجينا
انثى,اوليزيا
انثى,باسنت
انثى,تريفانيا
ذكر,ذيدان
ذكر,كرومل
ذكر,درغام
ذكر,حدق
ذكر,عرباوى
ذكر,عائد
انثى,ليئه
ذكر,عبدفايز
انثى,ماريانه
ذكر,عبدغطاس
ذكر,ميشال
ذكر,نيقولا
ذكر,جبراوى
ذكر,شويك
ذكر,اوريا
ذكر,نخيل
ذكر,نيروز
ذكر,افرام
ذكر,امانيوس
ذكر,بشنونه
ذكر,عبدلويز
ذكر,عبدشحاته
ذكر,مارو
ذكر,رحوم
ذكر,نحاس
ذكر,استاورو
انثى,اهداء
ذكر,ابوزينهم
ذكر,ثونى
ذكر,غريانى
ذكر,ابوحسن
ذكر,ابوالخير
انثى,فله
ذكر,مدنى
ذكر,دفشى
ذكر,طعلت
ذكر,اوجد
ذكر,سويطى
ذكر,صغبر
انثى,ارين
ذكر,ابوالوفا
ذكر,مجروس
ذكر,عبدالظيم
ذكر,تغان
ذكر,سماح
انثى,مدرونه
ذكر,مشفت
ذكر,توغان
انثى,نجفه
ذكر,جوار
ذكر,عبدعزيز
ذكر,اسام
ذكر,بنيه
ذكر,ونجت
انثى,اسكندره
انثى,الين
انثى,رومندا
ذكر,عط
انثى,مستوره
ذكر,عبدمتى
ذكر,ضليب
ذكر,بنيوت
ذكر,بيطر
ذكر,فيلوبايير
ذكر,اوسامه
ذكر,اندروس
انثى,رينى
انثى,نوس
ذكر,تيمور
ذكر,اسرافيل
ذكر,بسخيرون
ذكر,شنودا
انثى,ايفيت
ذكر,عراقى
ذكر,جهاد
ذكر,كستور
انثى,زهو
ذكر,متجلى
ذكر,سيحا
ذكر,قته
ذكر,الصرمانى
ذكر,فوزي
ذكر,عبدخله
انثى,مرتينا
ذكر,متري
ذكر,عاز
ذكر,حبش
انثى,نفيسه
انثى,نميس
ذكر,خله
ذكر,اسكاوروس
ذكر,ذكري
ذكر,قلدس
ذكر,ملطى
ذكر,بصير
ذكر,عبدمنير
ذكر,بسطه
ذكر,ابوالحكم
ذكر,توضروس
ذكر,ضبعى
ذكر,اميايى
ذكر,محمدرضا
ذكر,شجرانى
ذكر,محمدالامير
ذكر,احمدالصغير
ذكر,محمدالسعيد
ذكر,نويرى
ذكر,عبدالشيمى
انثى,راويا
ذكر,بسطامي
انثى,نيروز
ذكر,ضاهر
ذكر,منداروى
ذكر,سويسي
انثى,افرينا
ذكر,اجيد
ذكر,عبدالقالدر
انثى,براءه
ذكر,مهدلى
ذكر,وصيف
ذكر,توجت
انثى,ففيانا
ذكر,فكتر
انثى,منهالله
ذكر,ليشع
انثى,نورس
ذكر,عكوش
ذكر,ساجد
ذكر,عبدوليم
ذكر,محمدى
ذكر,اجود
ذكر,قبيل
ذكر,عزيزالدين
ذكر,الشرولى
ذكر,مقبل
ذكر,زهرالله
ذكر,سمحى
ذكر,باهىالدين
ذكر,اقواطين
ذكر,واعد
ذكر,قابل
ذكر,نضال
ذكر,لدين
ذكر,الخوزاعى
ذكر,ابسم
ذكر,يمنى
ذكر,عفالله
ذكر,القيس
ذكر,ابوالعز
ذكر,عبدالجميد
ذكر,عطيان
ذكر,عيدالمجيد
انثى,تركيه
ذكر,عبدلوهاب
ذكر,محمدربيع
انثى,زهوه
ذكر,ديك
انثى,سهر
انثى,سونه
ذكر,نهرو
ذكر,شمخ
ذكر,جاورجى
ذكر,بلبل
ذكر,محمدكمال
ذكر,عنقوله
ذكر,رجأ
ذكر,شالوش
انثى,يوستسنا
ذكر,البصرى
ذكر,اليوسفى
ذكر,فلامون
ذكر,توقيق
ذكر,بشراى
ذكر,نياظ
ذكر,المنذر
ذكر,عبدالمنتسب
ذكر,همام
ذكر,عبداحمد
ذكر,عبدكرومل
ذكر,عطفى
ذكر,كلثوم
انثى,امبيه
ذكر,ليسي
انثى,مايزه
ذكر,فصل
انثى,اميز
انثى,تقى
ذكر,عبدالمستجاب
ذكر,مضان
ذكر,دبيكي
ذكر,مرزبان
ذكر,ابرا
ذكر,هيم
ذكر,غزاوى
انثى,اغانى
ذكر,يادم
انثى,اوديت
ذكر,دليمى
انثى,سلسبيل
ذكر,افكارين
انثى,سيرين
ذكر,منفى
ذكر,دبيكى
انثى,لطيفه
ذكر,سسالم
ذكر,بصيص
ذكر,السمان
ذكر,مفاح
ذكر,غراره
ذكر,الصيفى
ذكر,حست
ذكر,علمى
ذكر,برديسى
انثى,اكرام
انثى,ايفان
ذكر,ابوصيام
ذكر,نطر
ذكر,عبدالغتى
ذكر,لبنى
ذكر,زيداز
انثى,مؤمنه
ذكر,فياض
ذكر,اشر
ذكر,ف
ذكر,سداد
ذكر,حفظى
ذكر,هتلر
ذكر,سكران
ذكر,فائق
ذكر,حرنى
ذكر,شلتوت
ذكر,رائق
ذكر,خليلم
ذكر,فلاح
ذكر,عبدالباقلى
ذكر,عبداعزيز
ذكر,افتنون
ذكر,هبدالعال
انثى,اسيه
ذكر,حدور
ذكر,عباللطيف
ذكر,ابوالسباع
انثى,ثناء
ذكر,عبدالرحممن
ذكر,عبدشبيب
ذكر,ابوديله
ذكر,عبدالحليل
ذكر,ابواللبل
ذكر,سياف
ذكر,شمت
ذكر,الألفي
ذكر,زعزوع
ذكر,ابوالسباغ
ذكر,جبرئيل
ذكر,الصديق
ذكر,غبدالعال
ذكر,غبدالحفيظ
انثى,احترام
ذكر,الاصهب
ذكر,مطرود
ذكر,عبدجريس
ذكر,شلقانى
ذكر,اسليمان
ذكر,عبدالنصير
ذكر,ويلى
ذكر,عبدالناجى
ذكر,ابوالدلال
ذكر,مسمح
ذكر,لقمان
انثى,افنيس
ذكر,النبى
انثى,رهف
ذكر,بنزويل
ذكر,بيرو
ذكر,ناروس
ذكر,دح
ذكر,نوال
ذكر,رميح
ذكر,سماوى
ذكر,بحراوى
ذكر,باريز
ذكر,عبدابو
ذكر,عبدابوالليل
ذكر,عموش
ذكر,نصيب
ذكر,اليزيد
ذكر,الاسلام
ذكر,معاتيق
انثى,شهده
ذكر,لطيوش
ذكر,رسلان
ذكر,قصى
ذكر,طرفايه
انثى,شريناز
ذكر,حصاوى
ذكر,مفتاج
ذكر,قذافي
ذكر,ابومدين
ذكر,ابوالعزعبده
ذكر,عطيفى
ذكر,ناصرالدين
ذكر,ماهرعثمان
ذكر,الحجازى
ذكر,هرون
ذكر,محمدطارق
ذكر,نودى
ذكر,بسطا
ذكر,محمودالصغير
ذكر,غنى
ذكر,بطيحه
ذكر,محمدامين
ذكر,عمرهشام
ذكر,باهر
ذكر,النسيمى
ذكر,كارلس
ذكر,ضياءالدين
ذكر,ماهرمحمود
ذكر,نصرسيد
ذكر,زعلول
ذكر,محمدالبدر
ذكر,مصيلحى
ذكر,مدثر
ذكر,ريحاب
ذكر,احمدماهر
ذكر,محمدرفعت
ذكر,عزيزالدىن
ذكر,الضبع
ذكر,عامرطلب
ذكر,حسونه
ذكر,قمصان
ذكر,محمدمهني
انثى,ريفان
ذكر,وحبد
انثى,فرح
ذكر,الفارس
ذكر,مريد
ذكر,برهيجي
انثى,نغم
انثى,روميساء
انثى,فيرا
ذكر,فوده
ذكر,باتريك
ذكر,واسيلى
ذكر,دنيال
ذكر,انسى
ذكر,فلتس
ذكر,تادروس
انثى,براء
ذكر,محمدعادل
انثى,جولى
ذكر,عطاي
ذكر,نظيف
انثى,سدين
ذكر,الخراط
ذكر,سلبمان
انثى,صوفيا
انثى,فيرونيكا
ذكر,جوارجى
انثى,كاتى
انثى,لميس
انثى,مارولا
انثى,ماهينور
انثى,منة
انثى,ميرونا
ذكر,شمروخ
انثى,جومانه
ذكر,كرار
انثى,ترنيم
انثى,مارلى
انثى,هانبا
ذكر,جان
ذكر,كارل
ذكر,رؤف
ذكر,مايك
ذكر,ميلر
انثى,ايثار
انثى,جنا
ذكر,الهام
ذكر,وعدالله
ذكر,مسامح
ذكر,دومه
ذكر,عبدالوالى
ذكر,خبيب
ذكر,تودرى
ذكر,براهيم
ذكر,يا
ذكر,سين
ذكر,بولص
ذكر,نياظى
ذكر,الغباشى
ذكر,الفرغلى
ذكر,ماذن
ذكر,اوسام
ذكر,تقي
ذكر,وسمى
ذكر,عبدالمعبدعبدالنبى
ذكر,محمدراضى
انثى,ايـات
ذكر,ابـراهيم
ذكر,عبدالكـريم
ذكر,عـلاء
ذكر,عبدالولى
ذكر,عبدالرجال
ذكر,استمالك
ذكر,صابرى
ذكر,زناتى
انثى,روقيه
ذكر,عمده
انثى,صفيناز
انثى,مارثا
ذكر,حواتكى
ذكر,الطبرى
ذكر,حريز
ذكر,حج
انثى,وعد
ذكر,مححمد
ذكر,حجارى
انثى,اردينه
انثى,اسيل
انثى,ايفا
ذكر,اعتصام
ذكر,عبداباسط
ذكر,ض
ذكر,ث
انثى,بىسمله
انثى,تقا
انثى,تميمه
ذكر,السر
ذكر,ربيعي
ذكر,كلحي
ذكر,حسوبه
ذكر,لولى
انثى,شدا
انثى,لمى
ذكر,محمدحسن
ذكر,مقلد
ذكر,النبي
انثى,ميراى
انثى,ميسم
انثى,نرفانا
ذكر,ع
انثى,همس
انثى,هيلن
انثى,جاستن
ذكر,قطيط
انثى,سولينا
انثى,لجين
انثى,مارفن
انثى,مورين
انثى,ميرام
انثى,هولى
انثى,هيلارى
ذكر,عطفان
ذكر,عبدالسند
ذكر,ناظر
ذكر,مساك
ذكر,جيوفانى
ذكر,سيمون
ذكر,عبدالخير
ذكر,البيومى
ذكر,هوى
ذكر,عبالرحمن
ذكر,مولر
ذكر,نوناى
انثى,اثير
انثى,اشكيناز
انثى,اغابى
انثى,العلياء
ذكر,عطاى
انثى,اوجينه
انثى,تسبيح
ذكر,عبالمسيح
انثى,جودى
ذكر,رأغت
ذكر,اقبال
انثى,رودينه
انثى,روفانا
ذكر,ت
ذكر,النوبى
ذكر,عبدالعزبز
ذكر,"،"
انثى,فرونيكا
ذكر,البدري
ذكر,مللك
ذكر,ز
انثى,مايجن
ذكر,بربرى
ذكر,عسران
انثى,ايسن
ذكر,ناجي
ذكر,احمدمحمد
ذكر,الفريد
انثى,سامنثا
ذكر,زهيف
ذكر,عجايبي
ذكر,انطونيو
ذكر,الفكرى
ذكر,مخلص
ذكر,فتى
ذكر,م
ذكر,عطيتو
ذكر,ابومخلوف
ذكر,محمدالعبد
ذكر,الطاهر
ذكر,العادلى
ذكر,منذر
ذكر,شمشوم
انثى,ارسولا
انثى,جورجينا
ذكر,ابوالعزم
ذكر,التركى
ذكر,عبدالروؤف
ذكر,دمترى
ذكر,تاروز
ذكر,داوس
انثى,فيرجينيا
ذكر,روبرت
ذكر,ليفون
ذكر,الحبيب
انثى,مايوركا
ذكر,الطويل
انثى,ميرال
انثى,رحماء
ذكر,الهجان
ذكر,اكثم
ذكر,النزهي
ذكر,البركاوى
ذكر,ابوخيشه
ذكر,الديب
ذكر,خفاجي
ذكر,الاسيد
ذكر,البدراوى
انثى,رينيه
ذكر,بريده
ذكر,خضرواى
ذكر,عبداالعزيز
ذكر,نوزاد
انثى,الفت
ذكر,ابوالطيب
انثى,بركسام
ذكر,شهرى
ذكر,عسقلان
ذكر,بري
ذكر,عبدالوالي
ذكر,عدالفتاح
انثى,لطفيه
انثى,مارتين
ذكر,عطيطو
انثى,ناعسه
ذكر,ابوالحجاج
انثى,يؤنا
ذكر,روديلف
ذكر,تسن
ذكر,معبدسيد
ذكر,الأمين
ذكر,زعفر
ذكر,موهوب
ذكر,ليسى
ذكر,محمدنور
ذكر,محمدشيتوى
انثى,عصماء
انثى,عطاف
ذكر,الأزهرى
انثى,نجوه
ذكر,بوسف
ذكر,الغنى
ذكر,شريعى
ذكر,الصغبر
ذكر,براهبم
ذكر,الغزالى
ذكر,مطيعى
ذكر,القدرى
ذكر,القطيعى
ذكر,مزارع
ذكر,عوف
ذكر,عبدالكر
ذكر,يم
انثى,ارستين
انثى,ايرين
انثى,ايفت
انثى,بارثينا
ذكر,ابوضيف
انثى,روزالين
ذكر,المختار
انثى,ماريام
ذكر,عزير
ذكر,حببب
انثى,نرجس
ذكر,مشهد
انثى,يؤانا
ذكر,حمدالله
ذكر,ميجر
ذكر,جوناثان
ذكر,قناويل
ذكر,العزيز
ذكر,تنداوى
ذكر,جبالي
انثى,سكنه
انثى,سوسو
انثى,سوسينه
ذكر,احمدالحسينى
انثى,صنيوره
ذكر,الحسيني
انثى,مرينه
ذكر,تلاوى
ذكر,ياسرر
ذكر,ناجد
ذكر,محمدعمر
ذكر,انجلوس
ذكر,رماح
ذكر,عبدالحكبم
ذكر,رضاى
ذكر,سرالختم
ذكر,واحى
ذكر,ابوالعمران
ذكر,خضيرى
ذكر,جنيدي
ذكر,شتوي
ذكر,نبوت
ذكر,اشراف
ذكر,عوص
ذكر,رافائيل
ذكر,معبدصابر
انثى,سعاده
انثى,عليات
ذكر,شازلى
ذكر,شرازى
ذكر,قصدى
انثى,اوفديه
ذكر,عبدالودود
انثى,عسكر
ذكر,خضير
ذكر,البطل
انثى,نظل
ذكر,هزلن
ذكر,ابوالهدى
ذكر,سركيس
ذكر,مطر
ذكر,هرني
ذكر,عسير
ذكر,قبارى
ذكر,امساك
ذكر,عببدالحميد
ذكر,حمدون
ذكر,الصالحين
ذكر,شندي
ذكر,شطبى
ذكر,عبدالاله
ذكر,عالى
ذكر,طلال
انثى,غرام
ذكر,يارب
ذكر,خلى
ذكر,ايراهيم
ذكر,سرجيوس
ذكر,الهيثم
ذكر,ميلا
ذكر,لمعي
ذكر,ناحج
ذكر,ذوق
ذكر,فلو
ذكر,باتير
ذكر,اسطاوروس
ذكر,خليله
ذكر,عبدالحكميم
ذكر,مطير
ذكر,عهدى
انثى,اوجينى
انثى,ايار
انثى,ديما
انثى,ردينه
ذكر,علوه
انثى,سلسبيلا
ذكر,بايزيد
ذكر,الهواري
انثى,مارفل
ذكر,وريث
انثى,جويله
ذكر,عبدالماجد
ذكر,ايهم
ذكر,محمدالزيني
ذكر,الرستم
ذكر,--------
ذكر,البرنس
ذكر,وضيئ
ذكر,عبدالمعطي
ذكر,النميرى
ذكر,نعنوس
ذكر,عقيل
ذكر,تاغي
ذكر,مرضى
ذكر,عبدالباصير
ذكر,لحمد
ذكر,بن
ذكر,نتج
ذكر,غضوب
ذكر,عارفين
ذكر,العقيلى
ذكر,مستغاضي
ذكر,ماضبي
انثى,سلوان
ذكر,شحوت
ذكر,شورى
ذكر,عبدالصابور
ذكر,ارمياء
ذكر,بنامين
ذكر,جيوشي
ذكر,جيوشى
ذكر,مملوك
ذكر,سايمان
ذكر,كيرولس
ذكر,عبدالعزيو
ذكر,منجد
ذكر,فاز
ذكر,عبدالعزير
انثى,اسرء
انثى,حسنه
ذكر,رسانى
ذكر,عبدالدين
انثى,يوءنا
ذكر,اابراهيم
انثى,عفيفه
انثى,مهيار
ذكر,اكمل
ذكر,قشيرى
ذكر,مشعال
ذكر,شيبوب
ذكر,عبدعبدالله
ذكر,الياب
ذكر,عبدالجاير
ذكر,عبدالنعبم
ذكر,شيخ
ذكر,روحه
انثى,وهيبه
ذكر,ادمرداش
ذكر,السقا
ذكر,عزمي
ذكر,حنل
ذكر,اصمعى
ذكر,زاير
ذكر,زكارى
انثى,سهيلا
ذكر,غرباوى
ذكر,الى
ذكر,جورجيوس
انثى,ايمنه
ذكر,جبل
ذكر,عشور
ذكر,سنجام
ذكر,فجر
ذكر,فدراوى
ذكر,عبدالسلا
ذكر,كفافى
ذكر,اصنعى
انثى,ثيودورا
انثى,حدقه
انثى,زياد
ذكر,رايق
انثى,مريام
انثى,يوانا
ذكر,عبدمحمد
ذكر,ابوالعينين
ذكر,محلوف
ذكر,بسيخرون
ذكر,برقى
انثى,جليانا
ذكر,محمدعزت
انثى,موده
ذكر,حواش
ذكر,محمدالبيومى
ذكر,نيازى
ذكر,قناوي
انثى,مراحب
ذكر,عايش
ذكر,ميسره
ذكر,الحفنى
ذكر,الفتوح
انثى,كابر
انثى,مرسا
ذكر,عبالعزيز
انثى,يمنه
ذكر,صهار
ذكر,وقيم
انثى,نورفانا
ذكر,حلو
ذكر,ابوالشيخ
انثى,افيولا
ذكر,سدراوي
ذكر,حسانبن
ذكر,انطوني
ذكر,صومائيل
ذكر,بشات
ذكر,هزلى
انثى,اربسيما
ذكر,العشرى
ذكر,حجازي
ذكر,متيسر
انثى,اسمى
انثى,ديانه
ذكر,يوناى
ذكر,الازرق
انثى,مارسه
ذكر,سرافيل
ذكر,محمدسعيد
ذكر,خورشيد
ذكر,محي
ذكر,اصنعي
ذكر,خسيين
ذكر,تؤفيق
ذكر,شمر
ذكر,جاليه
ذكر,هيتم
ذكر,دكروري
ذكر,زقزوق
ذكر,الدارقطنى
انثى,كامله
ذكر,مونس
ذكر,خرستو
انثى,نبيه
ذكر,ابوالعطا
ذكر,فوكيه
ذكر,ابنوب
ذكر,السباع
ذكر,النقيب
ذكر,فخر
ذكر,محمدنجيب
ذكر,لوز
ذكر,الشاهد
ذكر,صلا
ذكر,ح
ذكر,قلفاوى
ذكر,فنجري
ذكر,خيشه
ذكر,اصباع
ذكر,ابوالريش
ذكر,جميان
ذكر,كمالى
ذكر,ابوعبيده
ذكر,الريش
انثى,ايرائى
ذكر,ابواليامين
انثى,حكمت
ذكر,قليعي
ذكر,مصري
انثى,راغده
ذكر,جداوي
ذكر,عبدالغفور
ذكر,هريدي
انثى,عنايات
ذكر,قزمول
ذكر,بشوت
انثى,مهتاب
ذكر,عبدالقافي
ذكر,مجدي
انثى,لما
ذكر,ر
ذكر,عبدالشافعى
ذكر,نفوس
ذكر,فيضى
انثى,زكرى
ذكر,عشيرى
ذكر,السبيعى
ذكر,غزالي
ذكر,قرشى
ذكر,هائم
انثى,ها
ذكر,جر
ذكر,نجد
ذكر,فايض
ذكر,ابوحلفه
ذكر,الكسبان
ذكر,خرش
ذكر,محمد.
ذكر,النقراشى
ذكر,عقباوي
انثى,جيميانه
ذكر,انورى
ذكر,هلباوى
انثى,ريحان
ذكر,محمدرجب
انثى,لليان
ذكر,الدراوس
ذكر,حلمىى
ذكر,محمدفولى
ذكر,سوسو
ذكر,ابومعانى
ذكر,المولي
ذكر,زوين
ذكر,طرفاوي
ذكر,زكرىا
ذكر,شفقيق
انثى,حكمات
انثى,صبحه
ذكر,عبدالحواد
ذكر,طياب
ذكر,كسوات
ذكر,ابوشناف
ذكر,ذهني
ذكر,الساعدي
ذكر,الشامخ
ذكر,دويب
ذكر,طغيان
انثى,خطيره
ذكر,غندى
ذكر,معبدمختار
ذكر,عزاز
ذكر,ثاوفيلس
ذكر,رب
ذكر,انجيلوس
ذكر,رئيس
ذكر,كسبان
ذكر,سحر
ذكر,بشندي
ذكر,جليه
انثى,ريتاج
ذكر,قمير
ذكر,عبدالحريص
ذكر,جارح
ذكر,قواطين
ذكر,صاغ
ذكر,دمرداشي
ذكر,شكل
انثى,الحسناء
انثى,الطاف
ذكر,محمدنادى
انثى,دليا
انثى,راند
ذكر,اميرالمؤمنين
ذكر,متع
ذكر,والى
ذكر,علواني
انثى,اوعاد
انثى,بزاده
انثى,حكيمه
ذكر,حموه
انثى,عزيمه
ذكر,منياوى
ذكر,واثق
ذكر,نتعى
ذكر,عمارى
ذكر,الجالي
ذكر,العربي
ذكر,ابوسعود
ذكر,براء
انثى,اليس
ذكر,شعيت
ذكر,ابوالنجد
ذكر,زير
انثى,ليليان
ذكر,بشارى
ذكر,شاؤول
ذكر,عبدالرءوف
ذكر,عجيان
ذكر,شيت
ذكر,عطوان
ذكر,الرهيف
ذكر,صمؤيل
ذكر,دريس
ذكر,مكارم
ذكر,بهلوى
ذكر,صموئي
ذكر,مرعي
ذكر,حباسى
ذكر,روبيل
ذكر,"على	"
ذكر,فورى
ذكر,تواضروس
ذكر,فنيار
ذكر,تيموناوس
ذكر,عدبد
ذكر,الجليل
انثى,راضيه
ذكر,جيره
انثى,نوفانه
ذكر,ابوالطاهر
ذكر,فاريز
ذكر,قوزى
ذكر,برعي
ذكر,نقاوى
ذكر,افلاديوس
ذكر,الخضر
ذكر,مودى
انثى,رباح
ذكر,عراقي
ذكر,محسون
ذكر,شال
ذكر,مندروى
ذكر,نودي
ذكر,عربان
ذكر,ميرغنى
ذكر,ميصر
ذكر,ابوقرمان
ذكر,عبدالرجمن
ذكر,مندورى
ذكر,مزيون
انثى,ميرت
ذكر,ميسر
انثى,يا
ذكر,سمين
ذكر,الحديدى
ذكر,ونس
ذكر,خافظ
ذكر,برت
ذكر,نهاد
ذكر,عراب
ذكر,البسطاوى
ذكر,محمدجمال
انثى,جستين
ذكر,سعدون
انثى,مايبل
ذكر,ناغى
ذكر,قلديوس
ذكر,بساليوس
ذكر,الراضى
ذكر,خلي
انثى,افراج
ذكر,ساكن
ذكر,نان
ذكر,قضيان
ذكر,جيوش
ذكر,مكاوي
ذكر,بسالي
ذكر,كنز
ذكر,بغدادي
ذكر,البحيري
ذكر,صفوان
ذكر,محمدعبدالبارى
ذكر,جادالمولى
ذكر,النوبي
ذكر,عبدالواجد
ذكر,انتونى
ذكر,جاكسى
ذكر,روميرو
ذكر,شعماش
ذكر,مؤذن
ذكر,النادى
ذكر,مشال
ذكر,ليمون
ذكر,يوسام
ذكر,غيطان
ذكر,مشاضي
ذكر,لصيق
ذكر,مراجع
ذكر,ابريك
ذكر,المنفي
ذكر,مشحوت
ذكر,المنفى
انثى,لبنه
ذكر,الشرقاوى
ذكر,همالى
ذكر,نبيشي
ذكر,فداوي
ذكر,ابوفرده
ذكر,حلات
ذكر,نايف
ذكر,مطلق
ذكر,سقام
انثى,رومانده
انثى,مادين
ذكر,الجندى
ذكر,اوتير
ذكر,كسوان
ذكر,وظيف
ذكر,ديمترى
ذكر,فلامين
ذكر,انبيشى
ذكر,شناف
ذكر,ميكل
انثى,ارشاد
ذكر,الأصنعى
ذكر,عبداالله
ذكر,امبيش
ذكر,عبدالحقيظ
ذكر,عبالسلام
انثى,زاهيه
ذكر,صفىالدين
ذكر,تاجى
ذكر,عقب
ذكر,طنطاوي
ذكر,متصور
ذكر,المجدوب
ذكر,خميش
انثى,ترتيل
انثى,زيس
ذكر,عبالجواد
ذكر,عداوى
ذكر,خليف
ذكر,دردرير
ذكر,الرعد
ذكر,اشمونى
ذكر,اشموني
انثى,ذكرا
ذكر,قريوى
انثى,عندليب
ذكر,فاروز
ذكر,بركه
ذكر,ايمان
ذكر,طامي
انثى,ريحانه
ذكر,عطايلله
ذكر,غازى
ذكر,ميكائيل
ذكر,ابوقيله
ذكر,اللافى
ذكر,بانوه
ذكر,عبداللطف
انثى,انورين
انثى,بنان
انثى,جويريه
انثى,روال
ذكر,مشرقي
انثى,عيناء
انثى,لوجينا
انثى,ليالى
ذكر,حناوى
ذكر,نعم
انثى,هان
ذكر,زاده
ذكر,تميم
ذكر,برتله
ذكر,وسيلى
ذكر,باسيلي
ذكر,كيفن
ذكر,امنون
ذكر,الشيمي
انثى,نورسين
ذكر,خديوى
انثى,مللك
انثى,همسه
انثى,زانا
ذكر,بوزان
ذكر,رموك
انثى,محمود
ذكر,كاميران
انثى,افوميه
انثى,جوانه
انثى,راعوث
انثى,سميوت
انثى,شنوده
انثى,فرنيكا
انثى,فورينا
انثى,كرستا
ذكر,ظهران
انثى,كريستى
ذكر,مقاريوس
ذكر,بموا
ذكر,ملقا
ذكر,دماديوس
ذكر,ضبيع
ذكر,عجابيى
ذكر,مسيحه
انثى,استريكا
ذكر,باغوش
ذكر,ميرهم
ذكر,هلتر
ذكر,بؤاد
ذكر,غنوم
ذكر,ماجدى
ذكر,عبدالملام
ذكر,ذكره
ذكر,احد
ذكر,خطيرى
ذكر,محمدالمهدى
ذكر,ذاحمدذ
ذكر,محمدماضى
ذكر,حبب
ذكر,عبادالدين
ذكر,كريمو
ذكر,حساسين
ذكر,عوني
ذكر,سامير
ذكر,قدري
ذكر,القطشه
ذكر,أحمد
ذكر,عبدالثالوث
ذكر,عبدناصر
ذكر,عبدالجلبل
ذكر,عبدالقهار
انثى,ميره
ذكر,اسامى
ذكر,جويلى
ذكر,شحلته
ذكر,الديم
ذكر,عبدالفهيم
ذكر,زاخرنوس
انثى,رضيه
ذكر,المجد
ذكر,الشاذلى
ذكر,عيدالعزيز
ذكر,ذايد
ذكر,عبدالروف
انثى,زيزى
ذكر,ريدي
ذكر,نقراشى
ذكر,خمدى
ذكر,محمدالجبالى
انثى,غادة
ذكر,المالك
ذكر,المنجى
ذكر,خليفة
انثى,فادية
ذكر,العال
ذكر,الكافى
ذكر,الحكم
ذكر,الحى
ذكر,الصمد
ذكر,سعدالله
ذكر,المجيد
انثى,نبيلة
ذكر,العاطى
ذكر,السميع
ذكر,المعطى
ذكر,السلام
انثى,صمود
ذكر,بسمه
ذكر,طناس
انثى,نيلى
ذكر,مطراوى
ذكر,الملاك
ذكر,العليم
ذكر,جهلان
ذكر,الجابر
انثى,نورالهدى
انثى,اذان
ذكر,عبدالمطلوب
ذكر,معزوز
انثى,اسما
انثى,اليسيا
ذكر,معبدسليمان
انثى,انديرا
ذكر,غاندى
انثى,ايتن
ذكر,وجيد
انثى,ترفينا
ذكر,زهدي
انثى,ثيؤدورا
ذكر,محمدصلاح
ذكر,رستم
انثى,رومياء
ذكر,قشيري
ذكر,زواتى
انثى,مارستا
ذكر,وسمن
ذكر,عصفور
ذكر,محمدنصر
انثى,ميراف
ذكر,رؤوق
انثى,اهله
انثى,برسكلا
انثى,بريسكلا
انثى,تريزا
انثى,رئيفه
انثى,مايدى
ذكر,الكسان
ذكر,بستكلى
ذكر,محمدعبدالحميد
ذكر,استفين
ذكر,طرخان
ذكر,العيسوى
ذكر,اللَه
ذكر,امان
ذكر,فصيحى
ذكر,الدرملى
ذكر,لوزه
ذكر,شناوى
ذكر,متوشلح
ذكر,الداكر
ذكر,درباله
ذكر,محمدفتحى
ذكر,محمدفؤاد
ذكر,اتهم
ذكر,دغار
ذكر,العمده
ذكر,عبداللَه
ذكر,احمدهانى
ذكر,زياده
ذكر,عطار
ذكر,نعوم
ذكر,مدحث
ذكر,السفاوى
ذكر,زغيب
ذكر,كبرلس
ذكر,محمدسمير
انثى,غا
ذكر,ليه
ذكر,معبداحمد
ذكر,نمس
انثى,هدؤ
ذكر,برشومى
ذكر,بردويلى
ذكر,سمبر
ذكر,قدوس
انثى,اوسانيا
ذكر,ريبعى
انثى,بياتريس
ذكر,عبلدالرحيم
ذكر,بشررى
ذكر,هانئ
ذكر,فرنسا
انثى,سنيوره
انثى,لافنيا
ذكر,رؤفائيل
ذكر,سدارى
ذكر,شمعون
ذكر,سبيل
ذكر,الراوى
ذكر,بيجيمى
ذكر,جوفانى
ذكر,طنجر
ذكر,اخنوخ
ذكر,الاحنف
ذكر,باييس
ذكر,صموئبل
ذكر,طباعه
ذكر,فالمون
انثى,رودا
انثى,يونا
ذكر,بيير
انثى,بربتوا
ذكر,زارع
ذكر,شبانه
ذكر,عجاج
ذكر,سمعت
ذكر,حسا
ذكر,نين
انثى,برسيس
انثى,بركه
ذكر,ابوقير
انثى,روزينا
ذكر,بطاح
ذكر,ادورد
انثى,زوات
انثى,فرحانه
ذكر,شكيب
ذكر,نصرالله
انثى,مبرنا
ذكر,قطا
ذكر,رأ
ذكر,فت
انثى,"ميرنا	"
ذكر,"فضل	"
ذكر,ابوالزين
ذكر,فلتاوؤس
ذكر,الضلف
ذكر,رايد
ذكر,ديماس
ذكر,باهور
ذكر,خشيت
ذكر,قسطندى
ذكر,سمور
ذكر,ملقه
ذكر,سالمان
ذكر,ابورحاب
ذكر,انشر
ذكر,معمر
انثى,بهيه
انثى,زين
ذكر,منظر
انثى,شمعه
انثى,مريه
ذكر,بدالحميد
ذكر,عبالمجيد
ذكر,محمدرحب
ذكر,فاتح
ذكر,سا
ذكر,لم
ذكر,محمدعبدالله
ذكر,شحا
ذكر,ته
ذكر,المجاهد
ذكر,شديد
ذكر,عبدالو
ذكر,هاب
انثى,فا
ذكر,طمه
ذكر,ما
ذكر,جد
ذكر,سعدواى
انثى,نيارا
انثى,يو
ذكر,ستينا
ذكر,حفطى
انثى,يسريه
ذكر,ياقوت
ذكر,كا
ذكر,مل
ذكر,ملتجى
ذكر,واثل
ذكر,سمسم
ذكر,ظايط
ذكر,طا
ذكر,رق
ذكر,عبدالتو
ذكر,اب
ذكر,عطفت
ذكر,هند
ذكر,اوى
ذكر,ابر
ذكر,الين
انثى,دنبا
ذكر,زناتي
انثى,مكاسب
ذكر,زهري
ذكر,هويمل
ذكر,ايويكر
ذكر,عويمر
ذكر,عبدالمبدي
ذكر,حسانيين
ذكر,مناور
ذكر,باسيلى
ذكر,فوقى
ذكر,عنترا
ذكر,عبدين
ذكر,شوبان
ذكر,بدين
انثى,امجاد
انثى,ايره
ذكر,صفوه
ذكر,شحانه
ذكر,ظنى
ذكر,قابول
ذكر,فتيان
ذكر,غنا
ذكر,مجد
ذكر,نعناع
ذكر,الحمامى
ذكر,مخمير
ذكر,ابواليسر
ذكر,صرمان
ذكر,روبيلى
ذكر,مشعل
انثى,حرم
ذكر,برقي
ذكر,صهيون
ذكر,وهب
ذكر,محمدرفاعى
ذكر,ابوحسيبه
ذكر,حقيق
ذكر,كتان
ذكر,بسالى
ذكر,محمدناجى
ذكر,محمدعصام
انثى,فهيمه
ذكر,تمترى
ذكر,فيليم
ذكر,يايرس
ذكر,شبراوى
انثى,سيناء
انثى,معالى
ذكر,عبدالرحبم
انثى,رسميه
انثى,لقيه
ذكر,وداد
ذكر,يبانى
ذكر,هيشام
انثى,اَلاء
ذكر,رابى
انثى,بارزينا
ذكر,عزيزالدبن
ذكر,وقفى
ذكر,ابوصغير
ذكر,اسماعييل
ذكر,وهاب
ذكر,بسطاوى
انثى,عظيمه
ذكر,راعى
ذكر,ابوالحمايد
ذكر,الفضل
ذكر,قرش
ذكر,الشعرانى
انثى,افيت
انثى,حنيه
انثى,قمرات
انثى,كريه
ذكر,فيظ
ذكر,العز
ذكر,داهش
انثى,رائده
ذكر,عزرا
انثى,شفيقه
ذكر,فانا
ذكر,ناورز
ذكر,سريانى
ذكر,ماردونا
ذكر,ابوالطراطير
ذكر,الوفا
ذكر,ساري
ذكر,عبدالفادر
ذكر,فرنوانى
ذكر,واسق
انثى,مرندا
ذكر,اليه
انثى,معانى
ذكر,اليمين
ذكر,الحمايد
ذكر,كرولس
ذكر,عبدالرب
ذكر,راشدان
ذكر,الجناينى
ذكر,جناينى
ذكر,عقيلي
ذكر,اصلان
ذكر,زينى
انثى,رضى
ذكر,ابوبريق
ذكر,بدراوى
ذكر,توكال
ذكر,سبيعى
ذكر,مظنى
ذكر,الليف
انثى,الاريا
انثى,جلوجى
ذكر,طير
ذكر,شمشون
ذكر,السعد
انثى,فوقيه
ذكر,كريشه
انثى,وسيله
ذكر,طيب
ذكر,مجمد
ذكر,عبدالفاضل
ذكر,معدن
انثى,د
ذكر,نيا
انثى,رودى
ذكر,تاجح
انثى,لندا
ذكر,مشنب
ذكر,بعزق
ذكر,عشيري
ذكر,ضاوى
انثى,اثيبه
ذكر,غويل
ذكر,مشالى
انثى,حكمه
انثى,را
ذكر,نا
انثى,عرفه
ذكر,واجد
ذكر,ممتثل
انثى,وجيهه
ذكر,ازلى
ذكر,منسوب
ذكر,صياح
ذكر,شيبون
ذكر,حظ
ذكر,معبدحسن
ذكر,عببد
ذكر,المنطلب
ذكر,وزيرى
ذكر,درديرى
ذكر,زعيم
انثى,اربسينا
انثى,مارتينه
ذكر,فابق
ذكر,نابليون
ذكر,عيدالوارث
ذكر,كبر
انثى,فكتوريا
ذكر,اليوس
انثى,تفيده
ذكر,موعود
ذكر,رءوف
ذكر,انبيا
ذكر,سابا
ذكر,استيفين
ذكر,شاربيم
ذكر,بونيه
ذكر,كلام
ذكر,رهيف
ذكر,اسخرون
ذكر,وايز
ذكر,موريد
ذكر,باسيليوس
انثى,ادب
ذكر,شهام
ذكر,دكتور
ذكر,شكلى
ذكر,خلودى
ذكر,عبدالعظيمم
ذكر,محرس
ذكر,عبدالحمبد
ذكر,طارف
ذكر,محمدالدمرداش
ذكر,شاور
انثى,روميدا
انثى,زهيره
ذكر,بحران
ذكر,قنعان
ذكر,حســــــام
ذكر,جهينى
ذكر,خالــد
ذكر,اسماغيل
ذكر,سروجى
انثى,رولينا
ذكر,ليزداشير
ذكر,جيسون
ذكر,طوس
ذكر,نتاج
انثى,ابتهاج
ذكر,خورس
ذكر,حاضر
ذكر,يسطا
انثى,ريحات
انثى,سماره
ذكر,عابر
ذكر,محمدحسنى
ذكر,روبين
ذكر,درياق
ذكر,عون
ذكر,مغيب
ذكر,الساعدين
ذكر,بنداره
ذكر,معنوى
انثى,لوزا
ذكر,تيرو
ذكر,بنزيون
ذكر,رمانى
ذكر,الدبو
ذكر,براد
ذكر,عبدالاه
ذكر,مغازى
ذكر,علشور
انثى,ليله
ذكر,مبدى
انثى,يولا
ذكر,قزمال
ذكر,سيلفر
ذكر,قرنفيلى
ذكر,ابوخطوه
ذكر,راقى
ذكر,الصباح
ذكر,ناسان
ذكر,دخليل
ذكر,مطاريد
ذكر,شياتى
ذكر,ابوطناس
ذكر,نجدي
ذكر,قفطان
ذكر,شانى
ذكر,جالي
ذكر,سنيوس
ذكر,شواف
ذكر,طوبيه
ذكر,هليل
ذكر,ابوعمر
ذكر,ابوالمعانى
ذكر,محمدصابر
ذكر,يماني
ذكر,بشيرى
ذكر,قلته
ذكر,شادي
ذكر,واصل
ذكر,يمانى
ذكر,ابوهندى
انثى,حميات
ذكر,شوى
ذكر,زاملى
ذكر,ابوطاقيه
ذكر,معبدعبداللطيف
ذكر,مجمود
ذكر,مهلهل
ذكر,طرشانى
انثى,اسعاد
انثى,حسيبه
ذكر,نسان
ذكر,هرماس
ذكر,بسطويس
ذكر,طوسون
ذكر,بسيلى
ذكر,ناصرعبدالموجود
ذكر,ابوعياده
ذكر,عمرى
انثى,جوستينا
انثى,روناء
ذكر,ابوعفيفى
ذكر,مزاحم
ذكر,جدامي
ذكر,هلى
ذكر,روحى
ذكر,فرويز
ذكر,عمرانى
ذكر,نجار
ذكر,حفناوى
ذكر,عبدالمتجلي
ذكر,معدول
ذكر,يزيد
ذكر,الشافعي
ذكر,برهام
ذكر,الدردير
ذكر,بادروس
انثى,اناسميون
انثى,ايفوديا
انثى,بيسان
ذكر,دسيد
ذكر,ساويروس
انثى,رنيم
انثى,روفينا
انثى,رونى
ذكر,رووف
ذكر,نصيح
ذكر,الطباخ
انثى,فبرونكا
انثى,فجر
ذكر,محمدالطيب
ذكر,روبير
ذكر,سيداروس
انثى,مرولا
ذكر,محرز
ذكر,عجبان
ذكر,جدعون
ذكر,الشيمى
ذكر,العسقلانى
ذكر,ابوعلى
انثى,مهراءيل
انثى,ميريام
ذكر,شارف
ذكر,عبدالؤمن
ذكر,عبدالحيمد
ذكر,النجار
ذكر,ارس
انثى,يوستنا
ذكر,جسنين
ذكر,حاوس
انثى,اورسولا
انثى,اوفيديا
ذكر,اسطس
انثى,جولين
ذكر,خرستيان
ذكر,ابولس
ذكر,زقم
ذكر,عزره
ذكر,غندر
انثى,نتالين
انثى,ندرين
ذكر,باندى
انثى,مايوريكا
انثى,اغادير
ذكر,برايه
انثى,رانيم
انثى,رانين
ذكر,برزى
انثى,جوليانا
انثى,نورين
ذكر,اغا
ذكر,بندر
ذكر,حسيبه
ذكر,عبدالحافيظ
ذكر,قسام
ذكر,شمرون
ذكر,الكاشف
ذكر,خطيب
ذكر,درملي
ذكر,روفلئيل
ذكر,درديربدوى
ذكر,جزيره
ذكر,طريف
ذكر,مشرفم
ذكر,ساميح
ذكر,ليسكو
ذكر,بستفروس
ذكر,صحصاح
ذكر,ريد
ذكر,لوزى
ذكر,جوزبف
ذكر,سنان
ذكر,فرويس
ذكر,فينى
ذكر,البغدادى
ذكر,ضورار
ذكر,احمدمختار
ذكر,رومى
ذكر,فليته
ذكر,حزقيال
ذكر,ؤياض
ذكر,فليم
ذكر,حاروس
ذكر,مليك
ذكر,حتس
ذكر,خضراوي
ذكر,دايفيد
ذكر,جنتلمان
ذكر,روفائبل
ذكر,سويفي
ذكر,كلارك
ذكر,عاجل
ذكر,فرايم
ذكر,ماكن
ذكر,سايح
ذكر,رسل
ذكر,ماتوشالح
ذكر,تودير
انثى,اّيه
انثى,جانو
ذكر,عبداتواب
انثى,رابحه
ذكر,اصيل
ذكر,جناح
ذكر,عبدلحليم
ذكر,عبدالعطى
ذكر,زهزه
ذكر,ممصطفى
ذكر,مندو
ذكر,مارسيلينو
انثى,ثويبه
ذكر,درملى
ذكر,جلاء
ذكر,الباشا
ذكر,حريشي
ذكر,درامللى
انثى,مورينا
ذكر,رابين
ذكر,حريش
ذكر,حميل
ذكر,نزبه
انثى,تغرير
ذكر,قطابى
انثى,كترين
ذكر,عبدالراضي
ذكر,عزتلى
انثى,اصيله
ذكر,عسقلاني
ذكر,مزمز
ذكر,علا
ذكر,عبدالمغيث
ذكر,المامون
ذكر,عبدلرشيد
ذكر,لويذ
انثى,ابنسام
انثى,اعتدال
ذكر,دماس
ذكر,عزارى
ذكر,منسي
انثى,انايسمون
ذكر,عمدان
ذكر,بوعذ
ذكر,لوندي
ذكر,عزرى
ذكر,تناغو
ذكر,استطفانوس
انثى,دونيا
ذكر,حنالله
انثى,رين
انثى,سارا
انثى,سومه
ذكر,تناغي
انثى,شيلوميز
ذكر,لابان
انثى,فيفان
ذكر,لبان
ذكر,لظيم
انثى,لوئيس
انثى,لورينا
ذكر,بوعز
ذكر,اختيار
ذكر,كنعان
ذكر,نتعي
انثى,ماقى
ذكر,زخطوط
ذكر,يمن
ذكر,مناسى
ذكر,شروبيم
ذكر,بندي
ذكر,لوريس
انثى,وسلينه
ذكر,شامل
ذكر,عدلي
ذكر,راوبين
ذكر,يوسق
ذكر,انسيمس
ذكر,اوشام
ذكر,سليدس
ذكر,رحبعام
ذكر,كندى
ذكر,كتكوت
ذكر,مزيد
ذكر,غمرى
ذكر,حناالله
ذكر,رافى
ذكر,بهاج
ذكر,لمبو
ذكر,عدراوى
ذكر,نادير
ذكر,شاول
ذكر,جحرود
ذكر,فيلمون
ذكر,زرعي
ذكر,قسطنجي
ذكر,عذاري
ذكر,نايه
ذكر,بالي
ذكر,محفوض
ذكر,رزقالله
ذكر,شمام
ذكر,شكور
ذكر,ندي
ذكر,عقيلى
انثى,انا
ذكر,احمدغريب
انثى,سنبه
انثى,كاترينه
ذكر,فلتاؤس
ذكر,سانيوس
ذكر,فرمن
انثى,ميمونه
ذكر,ابوسفين
ذكر,كاتب
ذكر,سوستانيس
ذكر,عبدالمجلي
ذكر,لحظى
ذكر,حفظي
ذكر,متيوس
ذكر,غرباس
ذكر,جورجيه
ذكر,وزيس
ذكر,ورمس
ذكر,فكيوس
ذكر,الويس
ذكر,اغرباس
ذكر,راؤف
ذكر,عبدالمفيد
انثى,مفيده
ذكر,كلوبا
ذكر,سوارس
ذكر,الوين
ذكر,حارص
ذكر,جبرا
انثى,فيرلند
انثى,لوريسا
ذكر,روس
انثى,مارجو
ذكر,سيجفر
ذكر,يحنس
ذكر,راؤوف
ذكر,روابين
ذكر,اريانوس
ذكر,فضلله
ذكر,لكسان
ذكر,لويد
ذكر,زهجر
ذكر,مبلاد
ذكر,مرقوريوس
ذكر,شكيم
ذكر,دوابه
ذكر,شقالله
انثى,ازيس
ذكر,مريانس
ذكر,باسيلوس
ذكر,صابور
انثى,بهجه
انثى,جمال
ذكر,عبدالهلال
ذكر,جلبي
ذكر,لوزا
انثى,روماندا
ذكر,مستقيم
ذكر,ازنهور
ذكر,تلب
ذكر,طالع
ذكر,جبا
ذكر,كارتر
ذكر,دفش
ذكر,تلكه
ذكر,حرزالله
ذكر,بسكالي
ذكر,غبره
ذكر,عزاريا
ذكر,ناظير
ذكر,متريوس
ذكر,فيفو
ذكر,خزين
ذكر,مقدسى
ذكر,كلاووس
ذكر,يؤانس
ذكر,دلفى
ذكر,ورد
ذكر,محمدفكرى
انثى,سكره
انثى,مارفيل
ذكر,لبس
ذكر,عراندس
انثى,ياقوت
ذكر,محمدالعشماوى
ذكر,مندي
ذكر,القناوى
ذكر,خلفه
ذكر,العشماوى
ذكر,مجيب
ذكر,كارلوس
ذكر,محمدشعراوى
ذكر,مر
ذكر,برهانى
انثى,اسيمون
انثى,اشتياق
ذكر,فرياقص
انثى,الكس
انثى,جاكين
ذكر,نعمام
انثى,جرمين
ذكر,مقابل
ذكر,مبرك
ذكر,مردخان
انثى,عسله
ذكر,بلاشون
ذكر,توسن
ذكر,ملطي
ذكر,بادى
ذكر,فنتر
ذكر,كيرلص
ذكر,فرانسيس
ذكر,موجود
ذكر,توفيليس
ذكر,يسه
ذكر,ميساك
ذكر,سكله
ذكر,سبالوس
انثى,لورين
ذكر,امونيوس
ذكر,سان
ذكر,سيرل
ذكر,واسيم
ذكر,مارتيروس
ذكر,ايلاريون
ذكر,ساروفيم
ذكر,عجمي
ذكر,اسكوندس
ذكر,ابشالوم
ذكر,قرقاقص
ذكر,دهمان
ذكر,مقعود
ذكر,ابوزايد
ذكر,قط
ذكر,محمدعباس
ذكر,ابوالمعاطي
ذكر,جمالالدين
ذكر,عشمالله
ذكر,عبدالعاال
ذكر,عرىى
ذكر,ابوزبد
ذكر,معطى
ذكر,بدى
ذكر,عيس
ذكر,خاف
ذكر,تاغى
ذكر,ابوحنين
ذكر,شاهرالدين
ذكر,عبدالخالد
ذكر,نفير
ذكر,بواب
ذكر,المراغنى
انثى,ميز
ذكر,معبدمرسى
ذكر,محسوب
ذكر,نابيل
ذكر,شلوفه
انثى,لفيا
ذكر,فيلو
ذكر,قلاديوس
ذكر,خلبل
ذكر,عبدالصانع
ذكر,معبدعبدالمالك
ذكر,منيب
انثى,عزميه
ذكر,عسوي
ذكر,شعلان
ذكر,رفقى
ذكر,فريجه
ذكر,مأمونى
ذكر,عبداللرشيد
ذكر,استنيس
ذكر,مهيوب
ذكر,معانى
ذكر,سمهان
ذكر,فلفل
ذكر,فكيه
ذكر,سامين
ذكر,زكربا
انثى,رامونا
ذكر,وهدى
ذكر,وجهى
ذكر,ترتيب
ذكر,رباح
ذكر,وهدان
انثى,ندين
ذكر,هيسم
ذكر,عبدالمجلى
ذكر,محمدهشام
ذكر,سقاو
انثى,هدايا
ذكر,معبدابوزيد
ذكر,جميلد
ذكر,عبدالهادئ
انثى,ريده
ذكر,لاظ
ذكر,شاه
ذكر,عبداللمالك
ذكر,عبدالمطيع
ذكر,عبدالعنى
ذكر,يكر
ذكر,معبدعبدالله
ذكر,حام
ذكر,سيبويه
انثى,رودينا
انثى,ساميا
ذكر,ابوجامع
انثى,فليت
ذكر,احمدالبدوى
ذكر,هان
ذكر,عريف
ذكر,ابوالعنين
ذكر,عقوب
انثى,اروا
ذكر,عبدالرقيب
ذكر,عبدالمحى
ذكر,تقوه
ذكر,بيه
ذكر,عبدالمغني
ذكر,اّدم
انثى,فدوه
ذكر,غبدالرحيم
ذكر,منز
ذكر,عاشيرى
ذكر,الملك
ذكر,يهى
ذكر,جوهرى
ذكر,سابق
ذكر,استيفون
ذكر,محمدجميل
ذكر,وسليدس
ذكر,عاطر
ذكر,عبالحميد
ذكر,تيطس
ذكر,زيلون
ذكر,عيدالمنعم
ذكر,عواض
ذكر,طباع
ذكر,معداوى
ذكر,الامبر
ذكر,بهدال
ذكر,الاول
انثى,سمار
انثى,فكرات
انثى,نوهان
ذكر,سائب
انثى,شامه
انثى,نوار
ذكر,عطوى
انثى,تناظر
ذكر,سرتيال
انثى,كاترن
ذكر,جو
ذكر,زعفان
انثى,بخيته
ذكر,شحتوت
ذكر,سبيع
ذكر,طوبه
ذكر,بى
ذكر,نقى
ذكر,مشابط
ذكر,قوى
انثى,حد
ذكر,ثبوت
ذكر,عين
انثى,سمحه
ذكر,دهانى
ذكر,نعاس
انثى,منثى
ذكر,نعمات
ذكر,دهماني
ذكر,مفادى
ذكر,مستور
ذكر,جروش
ذكر,ابوه
انثى,ميفن
ذكر,بهيجى
ذكر,روفيه
ذكر,قتحى
انثى,رانبا
ذكر,كنى
انثى,سار
ذكر,ه
ذكر,شاطر
ذكر,مرداشى
ذكر,قبيلى
ذكر,عزه
ذكر,راكان
ذكر,جادالمولي
ذكر,علاالله
ذكر,معز
ذكر,ابوالجبال
ذكر,حجر
ذكر,ابوالحبال
ذكر,اعمارى
ذكر,عيساوى
ذكر,ابوزكايب
ذكر,الختمى
ذكر,محمدجابر
ذكر,زولجى
ذكر,عدروس
ذكر,لؤلى
ذكر,بقيعى
ذكر,شاكيب
ذكر,جاوى
ذكر,كزم
ذكر,عبدالشكؤر
ذكر,عبدالتاغى
ذكر,مبصر
ذكر,فورتنيه
ذكر,حمديه
انثى,ايلاء
ذكر,جسن
ذكر,عادلى
ذكر,بساط
ذكر,المبى
ذكر,عاشورى
ذكر,حارس
ذكر,شرانى
انثى,بهيجه
ذكر,عبدالشاكر
ذكر,بهائى
ذكر,احمدحلمى
ذكر,قابيل
ذكر,سهيم
ذكر,مزاج
ذكر,تحسين
ذكر,حجاب
انثى,زكيه
ذكر,ابوالعرب
ذكر,رضه
ذكر,نحمد
ذكر,اهاب
ذكر,الستار
ذكر,نوناي
ذكر,اغاثون
ذكر,زقلف
ذكر,جمدى
انثى,هتاء
ذكر,معبدعبدالرازق
ذكر,عامرناجى
ذكر,معبدعلى
ذكر,كايد
انثى,بياضه
ذكر,جفلان
ذكر,شجيع
ذكر,ساوى
ذكر,نجيم
ذكر,فجرالاسلام
ذكر,عبالمنعم
ذكر,ابوعريبه
ذكر,وريت
ذكر,عبدالرخمن
انثى,ادريه
انثى,سلامه
ذكر,عادلي
ذكر,محمودالقاضى
ذكر,عبدالكبير
ذكر,مساوى
ذكر,عطايا
انثى,زوق
ذكر,سويرى
انثى,سلوم
ذكر,حمزاء
انثى,وزيره
ذكر,مشادي
ذكر,ارنس
ذكر,ابوغدير
ذكر,عبدالصليح
ذكر,غرياس
انثى,لوله
ذكر,ابوالمواهب
ذكر,محمدهانى
ذكر,جهمى
انثى,هايكن
ذكر,العرينى
ذكر,عبدالحيكم
ذكر,عبدالناجي
ذكر,معاذالعرينى
ذكر,سيداحمد
ذكر,ابراهييم
ذكر,عامرعمده
ذكر,محممود
ذكر,حميحم
ذكر,افيد
ذكر,عدالحميد
انثى,الحاظ
ذكر,برايا
انثى,تمنى
ذكر,عبدالماللك
ذكر,حيص
ذكر,بيسم
ذكر,يثا
ذكر,رغدان
ذكر,ريس
ذكر,غرباوي
ذكر,بيرم
ذكر,فتوخ
ذكر,دراملى
ذكر,قرشي
ذكر,سمان
انثى,رسوم
ذكر,نيازي
ذكر,سامحى
انثى,نديره
ذكر,رمون
ذكر,عبدالصالح
ذكر,عزتلي
ذكر,ضو
ذكر,جيلاني
ذكر,محمدايمن
ذكر,ابوالاطرش
انثى,سجا
انثى,نانى
ذكر,عبدالاول
ذكر,فهممى
ذكر,محمدعبدالرحيم
ذكر,سيفيان
ذكر,امين‏
انثى,دريه
انثى,شدوى
ذكر,بقوسي
ذكر,بريكه
ذكر,دمرى
ذكر,عبدالشافى‏
ذكر,النور
ذكر,عيدالباقى
ذكر,زخروف
ذكر,عوام
انثى,عتاب
ذكر,خيرت
ذكر,ابوعريف
ذكر,عبدالأول
ذكر,سكندس
ذكر,هلاوى
ذكر,عبدالمريد
ذكر,عبدالقادز
انثى,سيهام
انثى,شموع
ذكر,عثملن
انثى,جلاتينه
انثى,قصيبه
انثى,لورانس
ذكر,قمحاوى
ذكر,داش
ذكر,عبدالشفى
ذكر,بهنسي
ذكر,نصحي
ذكر,دشت
ذكر,شخلال
ذكر,ابوقاسم
ذكر,علون
ذكر,مخطار
ذكر,عبدالمرتضى
ذكر,عبدالطاهر
ذكر,الباسل
ذكر,عبداللذى
ذكر,الزهيرى
ذكر,ملكى
ذكر,ريلض
ذكر,كرستيان
ذكر,الضاوى
ذكر,عبدالجلي
ذكر,وقاد
انثى,رجات
ذكر,عبدالحارث
ذكر,حجو
ذكر,ابوريس
ذكر,ابوربى
انثى,سمبحه
ذكر,ساطان
ذكر,سربانه
ذكر,شرشال
ذكر,ماديو
ذكر,عبدالساتر
انثى,بريئه
انثى,دوله
ذكر,الفت
ذكر,ابوحطب
ذكر,ابوسديره
ذكر,بكارى
ذكر,فندي
ذكر,مرزه
ذكر,الياسين
ذكر,مزبون
ذكر,ذاكر
ذكر,فهلوي
ذكر,انطوان
ذكر,ابوراجح
ذكر,صاموئيل
ذكر,فريدى
ذكر,حمدين
ذكر,فهلوى
ذكر,لقى
ذكر,مور
ذكر,"	"
ذكر,باكت
انثى,مجيده
ذكر,منتصف
ذكر,زراعى
ذكر,بيدق
ذكر,ابومرسي
ذكر,ابواليمن
ذكر,غبدالكريم
انثى,كرمين
انثى,رجاه
ذكر,كردى
ذكر,بهجى
ذكر,فيلوبانير
ذكر,تونه
ذكر,وارد
ذكر,دنيا
ذكر,ابوالدرداء
انثى,عهود
ذكر,نصفى
ذكر,احمدسالم
ذكر,شحرور
ذكر,عبالحكيم
ذكر,عبداللهى
ذكر,شافع
ذكر,مذيون
ذكر,عبدالعالم
ذكر,ملاحظ
ذكر,عزقول
انثى,بشاير
ذكر,بحيح
ذكر,مجلع
ذكر,مممدوح
ذكر,فجرى
ذكر,عبدالوهيب
ذكر,مصطف
ذكر,سجيع
انثى,ثنيه
ذكر,عساوي
ذكر,رويدى
ذكر,مغامس
انثى,فراوله
ذكر,عاصف
ذكر,بمباوى
ذكر,لوثر
ذكر,عبدالجكيم
ذكر,سكت
ذكر,عربي
ذكر,مسلن
ذكر,عبلدالنظير
ذكر,عمرالفاروق
ذكر,راهب
ذكر,ادفاوى
ذكر,ميدو
ذكر,عزقلانى
ذكر,خضرراوى
ذكر,بحيره
ذكر,حبر
ذكر,ارمس
ذكر,قمح
ذكر,عبدالوحد
ذكر,صنع
ذكر,نصوح
انثى,نديه
ذكر,السدات
ذكر,عقال
ذكر,مزهجر
ذكر,دريدي
ذكر,محمدالكحلاوى
ذكر,عبدالمناف
ذكر,نص
ذكر,شيبا
ذكر,لفظى
ذكر,مديح
ذكر,محمدصبرى
انثى,ملوك
ذكر,محطاوى
ذكر,داعى
ذكر,السايح
ذكر,ابوالهيجات
ذكر,عسقول
ذكر,عبدالمهين
ذكر,فاكر
ذكر,عممرو
ذكر,مطحطح
ذكر,ابونوير
ذكر,صيفانى
انثى,اسناد
ذكر,زوق
ذكر,خراشى
ذكر,الظريف
ذكر,عبدالمقتدر
ذكر,عنتره
ذكر,صاري
انثى,فكره
ذكر,فرعون
ذكر,عبدالبار
ذكر,محمدصفى
ذكر,رواع
ذكر,قريشي
ذكر,غضان
ذكر,سفير
ذكر,تاوفيلس
ذكر,ابونصير
ذكر,مزاد
ذكر,سويحه
ذكر,لاوى
ذكر,زهان
ذكر,عتاب
ذكر,يوافيم
ذكر,حلفايه
ذكر,حلوي
ذكر,سريان
انثى,مارنيه
ذكر,زعتر
ذكر,محقوظ
ذكر,عبدالموجو
ذكر,صفر
انثى,نوير
ذكر,زنا
ذكر,عبدالديم
ذكر,محمدالنادى
ذكر,افريم
ذكر,سميرى
ذكر,صيره
ذكر,سباويه
ذكر,سهلى
ذكر,تكال
ذكر,سداروس
ذكر,محمدابوالفتوح
ذكر,محمدزكى
ذكر,جعوير
ذكر,عسيرى
ذكر,عقاد
ذكر,الحافظ
ذكر,صبري
ذكر,زلوم
ذكر,جدام
انثى,صبرين
انثى,لميا
ذكر,محمدرجاء
ذكر,خليفى
انثى,صابات
انثى,حنونه
ذكر,كفايه
ذكر,طحطاوى
ذكر,السجرى
ذكر,ابوالهلايل
ذكر,اصمعي
انثى,مدنيه
ذكر,يو
ذكر,سف
ذكر,بح
ذكر,السيدحمدى
ذكر,ذاخر
ذكر,سداروى
ذكر,سدرا
ذكر,ايسر
انثى,سعد
ذكر,الهنا
ذكر,عبدالخفيظ
ذكر,معبدعلي
ذكر,عبداليديع
انثى,نتعيه
ذكر,نشأه
ذكر,اللطيف
ذكر,"الكريم
"
ذكر,التواب
ذكر,ضايع
ذكر,الظاهر
ذكر,"يحيى
"
ذكر,مصطفى حمدى عبدالناصر محمود
ذكر,الحفيظ
ذكر,المقصود
ذكر,"الجليل
"
ذكر,"لبيب
"
ذكر,محمودمحسن
انثى,منتهى
ذكر,محمدعبدالباقى
ذكر,ابوبكرايهاب
ذكر,عبدالجابراحمد
ذكر,احمدجمال
ذكر,تعيلب
ذكر,زمزم
ذكر,رضاء
ذكر,عدوي
ذكر,السعدي
ذكر,العدوى
انثى,لؤا
ذكر,الأزهري
ذكر,الرفاعي
ذكر,زنونى
ذكر,الجبلى
ذكر,التلب
ذكر,هنداوي
ذكر,عقباوى
ذكر,ابوفاخره
ذكر,اهيم
ذكر,فهدى
ذكر,مكايد
انثى,صديقه
ذكر,متحد
انثى,عند
ذكر,المنبي
ذكر,شقلوب
ذكر,عربيد
ذكر,مناصير
ذكر,العابد
ذكر,العبدحفنى
ذكر,عقاب
ذكر,تعلب
ذكر,رسيم
ذكر,مشرى
ذكر,غيته
ذكر,نايض
ذكر,بطل
ذكر,الجلفى
ذكر,ابوشليته
انثى,بسيطه
ذكر,بندور
ذكر,كيشار
ذكر,شجاع
انثى,توفيقه
ذكر,سوعيد
ذكر,ممبى
ذكر,العمران
ذكر,الخياط
ذكر,منقطنى
ذكر,بشبر
ذكر,محمدمحى
ذكر,الشريعي
ذكر,الشريعى
ذكر,ابوالمعاطى
ذكر,كربم
ذكر,الزيرسالم
ذكر,جدامى
ذكر,السواح
انثى,روضى
ذكر,الجنيدى
ذكر,الذكرى
ذكر,تادى
ذكر,افكرين
ذكر,مسرى
ذكر,القاضي
انثى,ر
ذكر,يهام
ذكر,قبيص
انثى,رجوى
ذكر,سبله
ذكر,بسيس
انثى,سمياء
ذكر,السيدالبدوى
ذكر,النابغه
ذكر,الريدي
ذكر,التايب
ذكر,ربيعه
ذكر,محمدنجاتى
ذكر,مرتاح
ذكر,فتاح
ذكر,ابوهوله
ذكر,حتيته
انثى,انيسمون
انثى,راوه
ذكر,ابوشوك
انثى,لوره
ذكر,عبداجواد.
انثى,سونا
ذكر,ساعى
ذكر,محمدحسانين
انثى,حاملين
ذكر,صبيح
ذكر,عبدلنبى
ذكر,الضبعى
ذكر,منبر
ذكر,جبيل
ذكر,اشليل
ذكر,رشا
ذكر,النعمان
ذكر,طيف
ذكر,ابوعونه
ذكر,رعد
انثى,انفراج
ذكر,العبدجوده
انثى,طاهره
ذكر,اجبالى
ذكر,شليل
ذكر,قرج
ذكر,تلا
ذكر,عوامى
ذكر,ابوالهنا
ذكر,عبودى
ذكر,جلول
ذكر,الطحاوى
ذكر,متيبت
ذكر,النايص
ذكر,معبدضيف
ذكر,عبدالفنى
ذكر,النص
ذكر,بسطاروس
انثى,جسيكا
انثى,حمدين
انثى,روضا
انثى,سمون
ذكر,شفيف
ذكر,الترهونى
ذكر,هنتش
ذكر,منطاع
ذكر,عشني
ذكر,مطيع
ذكر,مهيدي
ذكر,جاير
ذكر,رمضام
ذكر,مغنينى
ذكر,شرابى
ذكر,قروانى
ذكر,طوغان
ذكر,مسموع
انثى,توبه
انثى,شهندا
ذكر,سمرات
انثى,نورمه
ذكر,حامدعبدالحميد
ذكر,اميه
ذكر,عبداالرحمن
ذكر,ابوشليه
ذكر,عطاء
ذكر,ارضا
ذكر,صوفه
انثى,دلع
ذكر,الشريم
ذكر,البر
ذكر,بديوى
ذكر,الحسانين
ذكر,مفرج
ذكر,مرغلى
ذكر,الغيث
ذكر,يزل
ذكر,الشحات
انثى,افكار
ذكر,سغد
ذكر,محمدالهادى
ذكر,شمرول
ذكر,شمردل
انثى,مسعده
ذكر,العطفي
ذكر,الشارف
ذكر,شردوح
ذكر,الصيفي
ذكر,العشنى
ذكر,دعدوش
ذكر,تماوى
ذكر,الجبالى
ذكر,ذغبى
انثى,مشاعر
ذكر,مضشاضى
ذكر,داؤد
ذكر,رواق
ذكر,بكار
ذكر,القلا
ذكر,مقيدم
ذكر,البقوشى
ذكر,بسراوى
ذكر,الساكر
انثى,رويضه
ذكر,الصابر
ذكر,الجالى
انثى,شمياء
ذكر,الدبولى
ذكر,سهرى
ذكر,امال
ذكر,بيبرس
انثى,فتوح
ذكر,بيبى
ذكر,معبدعبدالوهاب
ذكر,نمير
ذكر,حنبولى
ذكر,ابوجليل
انثى,فضيله
انثى,ملزم
ذكر,ابوعجيزه
ذكر,جبرانى
ذكر,ابوبكرعمران
ذكر,شافى
ذكر,حويل
ذكر,هديله
ذكر,جب
ذكر,عببدالجواد
ذكر,ابوالبهجى
ذكر,عرب
ذكر,فاوى
ذكر,زهدى
ذكر,مايفين
ذكر,راوف
انثى,اولجا
ذكر,خالى
انثى,جلورى
انثى,جوفانا
انثى,جويسى
انثى,روشان
انثى,رونه
انثى,سامراء
انثى,سليفيا
انثى,طيف
انثى,فانا
انثى,فكريه
ذكر,شارود
انثى,مارتى
ذكر,ناسولان
ذكر,مرتكى
ذكر,فاايز
انثى,ناتلى
ذكر,نزلاوي
انثى,دان
ذكر,بابونى
انثى,روزلين
ذكر,الششتاوى
انثى,لؤنيس
ذكر,بانوى
انثى,نسائم
ذكر,جياب
ذكر,عبدعبدالغنى
ذكر,كورلس
ذكر,اساعيل
ذكر,رودلف
ذكر,السيدمحمدمكين
ذكر,صفتى
ذكر,بور
ذكر,الماظ
ذكر,ابوصباح
ذكر,المنصور
ذكر,المؤمن
ذكر,بازيد
انثى,جاسمن
ذكر,القاضى
ذكر,رومانس
انثى,ستيفانى
انثى,رفاء
انثى,ساجده
ذكر,حته
ذكر,العين
ذكر,دهشور
ذكر,محمودعبدالعال
ذكر,ابوالعزائم
ذكر,احمدحسن
ذكر,علمر
ذكر,صباحى
ذكر,دبلع
ذكر,الشفعى
ذكر,غرياني
ذكر,الزيادي
ذكر,محمدحسين
ذكر,بيره
ذكر,عيدالفتاح
ذكر,بسطاويسى
ذكر,الجهمى
ذكر,احيد
انثى,لوزه
ذكر,القاياتى
ذكر,مغازي
انثى,ابراء
انثى,انتسال
انثى,حفظه
ذكر,حسبالله
انثى,عدل
ذكر,شكرانى
ذكر,غصوب
ذكر,ااحمد
انثى,هيبت
ذكر,كرمات
ذكر,معبدالجهمي
ذكر,التهامى
ذكر,وفى
ذكر,شعبا
ذكر,ن
ذكر,محمدانور
ذكر,صاير
ذكر,قوضى
ذكر,جابالله
ذكر,حملى
ذكر,التابعى
ذكر,مجسر
ذكر,كسروى
ذكر,عصوه
ذكر,المقداد
ذكر,جلوى
ذكر,طالح
ذكر,عبدالعظبم
ذكر,مقدم
ذكر,شلوف
ذكر,منجود
ذكر,شعلا
ذكر,عزى
ذكر,الظايط
ذكر,شتا
ذكر,عبدالرحمان
ذكر,صفاءالدين
ذكر,غرزالدين
انثى,حياة
ذكر,خطوه
انثى,رفل
ذكر,زاهي
انثى,منصوره
ذكر,زيادي
انثى,نجاة
ذكر,سميع
ذكر,هور
ذكر,الدماطى
ذكر,غفاري
ذكر,السيدعثمان
ذكر,القوضى
ذكر,حندله
ذكر,ابواليازيد
ذكر,التوني
ذكر,الزنونى
ذكر,ابوالكرمات
ذكر,الزيادى
انثى,شاميه
انثى,شمه
ذكر,القرشى
ذكر,ابرراهيم
انثى,وجينات
انثى,ياسمبن
ذكر,عبدالمبدى
ذكر,التعلب
ذكر,انورنعاس
انثى,جوكندا
انثى,غفران
انثى,فكيهه
ذكر,محمدعرابى
ذكر,عنطر
ذكر,الشلقام
ذكر,عطيفه
ذكر,سويرس
ذكر,ابوحمده
انثى,جيانا
ذكر,الباقي
ذكر,ابوحميده
ذكر,فضالى
ذكر,تفاوي
ذكر,هديوى
انثى,حيات
ذكر,كثروى
ذكر,ابوغنبمه
ذكر,الوفدى
انثى,اشواق
ذكر,هنطش
ذكر,ندا
ذكر,السارى
انثى,زكرا
ذكر,فاخره
انثى,نشوان
ذكر,بهيدل
ذكر,بطران
انثى,كرم
انثى,نورالله
ذكر,زيتون
ذكر,تادورس
ذكر,مبده
ذكر,زاتون
ذكر,الفتح
ذكر,نوفير
ذكر,طلحه
ذكر,القوى
انثى,رفا
انثى,ندي
ذكر,عبدالمعنم
ذكر,نحاتى
ذكر,صبور
ذكر,خلافا
انثى,انيسيمون
ذكر,كرمه
ذكر,بشتلى
ذكر,عبدمجدى
ذكر,العبدكامل
ذكر,ارشاق
ذكر,مارسلينو
ذكر,المتولى
ذكر,ري
ذكر,يسري
ذكر,زاغب
ذكر,ابودكر
ذكر,عببيد
ذكر,شناوي
ذكر,مقاوي
انثى,اثار
ذكر,شميى
انثى,تسيمون
ذكر,ميصائيل
انثى,فورنيا
انثى,فيرويت
ذكر,فلويز
ذكر,وعد
ذكر,لبن
انثى,نسيمون
ذكر,ايسم
ذكر,خليصى
ذكر,لياس
ذكر,خرستوس
ذكر,فليفل
ذكر,موندى
ذكر,شويل
ذكر,رينال
ذكر,جلوي
انثى,الس
انثى,بلسان
ذكر,رافع
ذكر,ملعب
ذكر,صفطى
ذكر,عيدى
انثى,نورما
ذكر,ابوالجواد
ذكر,نوبار
انثى,راجوه
ذكر,منادى
انثى,مشهندا
ذكر,جدمى
انثى,رزقين
انثى,سنده
ذكر,عبدالمهدى
انثى,كارمن
ذكر,انتصار
ذكر,توسم
ذكر,محدالصغير
ذكر,محمدعنتر
ذكر,محمدفهمى
انثى,بسينه
انثى,علباء
ذكر,الدريمى
ذكر,جهام
ذكر,المسلمانى
ذكر,محمدعبدالجواد
ذكر,الجمل
ذكر,محمدكامل
ذكر,احمدجمعه
ذكر,محمدعفت
ذكر,احمدعصام
ذكر,عبدالررحمن
ذكر,السنوسي
ذكر,ابارهيم
ذكر,نزير
ذكر,ميتخطرى
ذكر,السيدذ
ذكر,عبداالوهاب
ذكر,مرهون
ذكر,زامل
ذكر,الهانى
انثى,حتشبسوت
ذكر,البشتى
انثى,زيزان
ذكر,لحام
ذكر,قرشلى
ذكر,بشتى
ذكر,ابوريشه
ذكر,الدرى
ذكر,الزنفلى
ذكر,عدالوهاب
ذكر,البهنساوى
ذكر,ابوالمى
ذكر,عبدالرازاق
ذكر,الحلبى
ذكر,ابوطعيمه
ذكر,شلش
انثى,نجود
ذكر,محموداحمد
ذكر,الكويس
انثى,ابلاريه
ذكر,راسيلداس
ذكر,هنصر
ذكر,روميل
ذكر,اغمارى
ذكر,شملول
ذكر,قاسى
ذكر,لنقط
ذكر,صلحى
ذكر,عطاف
انثى,استشهاد
انثى,امتثال
ذكر,عبدالشواف
انثى,لولا
ذكر,احمدالشافعى
ذكر,عبدالمول
انثى,وفقيه
ذكر,كرامات
ذكر,ابوزوبع
ذكر,جاكير
ذكر,مراجي
ذكر,متخطرى
ذكر,ميده
ذكر,سبيق
ذكر,ظروق
ذكر,المرغلى
ذكر,الهوى
ذكر,الربع
ذكر,هديهد
ذكر,ابوعقوله
ذكر,بقوشى
ذكر,الجلوى
انثى,رمايسه
ذكر,ابوشوق
ذكر,كراميد
ذكر,ء
انثى,اصلاح
انثى,ايـه
انثى,تفاحه
ذكر,الروبى
ذكر,الساوى
انثى,مــى
ذكر,جـلال
ذكر,ابوزيــد
ذكر,عصـام
ذكر,فـؤاد
ذكر,يحـى
ذكر,الانقط
انثى,خص
انثى,سهليه
ذكر,الدخلى
ذكر,بنى
ذكر,فانيوس
ذكر,الجلى
ذكر,سلموس
ذكر,امالى
ذكر,رفوت
ذكر,منيسي
ذكر,امل
ذكر,وذير
ذكر,ابوطوق
ذكر,ابوالنجف
ذكر,الجارحي
ذكر,الأمير
ذكر,فرانس
ذكر,طرزان
ذكر,السويفى
ذكر,ابوريه
ذكر,ثمان
ذكر,ابوعزيز
ذكر,ضويحى
انثى,دانيا
ذكر,طبيب
ذكر,بسال
ذكر,سيديوسف
ذكر,سناره
انثى,مكه
ذكر,نوبى
ذكر,محمدبلاش
ذكر,ابوالعلاه
ذكر,ميرى
انثى,بيرلى
ذكر,تداوس
ذكر,سمحي
انثى,هجره
ذكر,الصفتى
ذكر,تدري
ذكر,غنيمى
ذكر,شيخون
ذكر,سماره
ذكر,الدرديري
ذكر,تيام
ذكر,ادولف
انثى,دبنا
انثى,دولفرتا
ذكر,ابوالعيدعلى
انثى,مارو
ذكر,عجيبه
انثى,مرجريت
ذكر,ابوخضره
ذكر,تلت
ذكر,سيلمان
ذكر,اورمان
ذكر,اندارواس
ذكر,بسله
ذكر,يوئيل
ذكر,السبد
انثى,بيتى
انثى,جانا
انثى,مونيا
ذكر,عهد
ذكر,البراء
انثى,اسرار
ذكر,ابوالغيث
ذكر,عرام
ذكر,نائل
ذكر,اليون
انثى,انجلكا
انثى,باترسيا
ذكر,بفلى
ذكر,ررضا
انثى,هلاله
ذكر,احمود
ذكر,معمار
ذكر,اروشيد
ذكر,الشوربجى
ذكر,رسلت
ذكر,قصد
ذكر,ابوالعبدعلى
ذكر,العبدابوزيد
ذكر,كليفر
ذكر,عئمان
ذكر,ضمر
ذكر,عبدالرحن
ذكر,ثالوث
انثى,شزى
ذكر,سواعى
ذكر,تسم
ذكر,طيشه
ذكر,الدرديرى
ذكر,اسوداني
ذكر,عبداللأه
ذكر,الماس
ذكر,.حسنى
ذكر,جيزاوى
ذكر,مدني
ذكر,عابدالله
ذكر,عبدالواهاب
ذكر,ابوستيت
ذكر,معتزبالله
ذكر,كسروي
ذكر,العودين
ذكر,هرمس
ذكر,خديوي
انثى,حُسن
ذكر,حويتى
ذكر,علايلى
انثى,سوهيله
انثى,نصيب
ذكر,مغاوري
ذكر,دهروطي
ذكر,الحادى
ذكر,الأخضر
ذكر,معبدعبدالفتاح
ذكر,الكسروي
ذكر,احمدعلى
ذكر,الديوش
ذكر,غزاوي
ذكر,نصرى
انثى,ذهوه
انثى,غوديه
ذكر,جورجويس
ذكر,ترك
ذكر,حارث
ذكر,الجدامى
ذكر,عونه
ذكر,قصيى
ذكر,محم
انثى,تقه
ذكر,خزاعى
انثى,هاميس
ذكر,يمني
ذكر,حمال
ذكر,فزع
ذكر,شربجى
ذكر,الغرباوى
ذكر,واليد
ذكر,عبدالاعاطى
ذكر,نسناوى
انثى,سجود
انثى,نزهه
ذكر,امر
ذكر,الصغيرموسى
ذكر,الاشهب
ذكر,راحيل
ذكر,طاليع
ذكر,الشناوي
ذكر,عبدالتعيم
ذكر,لوهاب
ذكر,معني
ذكر,نويشى
ذكر,معجب
ذكر,العسيوى
انثى,جملات
ذكر,محمدالهبيل
ذكر,هريره
انثى,نفوسه
ذكر,راشح
انثى,ارويده
ذكر,رجا
انثى,واصفه
ذكر,سعودي
ذكر,دسوفى
ذكر,ابونهار
ذكر,نافذ
ذكر,ابوعامر
ذكر,مناوى
انثى,جهان
ذكر,طيران
ذكر,شبلى
انثى,ضاويه
ذكر,مرتم
ذكر,بلهاس
ذكر,محمد-
انثى,اجلال
انثى,محروسه
ذكر,شرنوبى
انثى,مىّ
ذكر,برامل
ذكر,مدنيى
ذكر,عبالوهاب
انثى,نوها
ذكر,مهندى
ذكر,عطيفي
ذكر,ابوالليف
ذكر,عبد\اللطيف
انثى,لانا
ذكر,ليشيع
ذكر,اللسيد
ذكر,فرنس
ذكر,شعيشع
ذكر,هايل
ذكر,كرماوى
ذكر,الدلايل
ذكر,مصطقى
ذكر,بديرى
ذكر,بديري
ذكر,ابوالدلايل
ذكر,بالكريم
انثى,باهيه
ذكر,ابورواش
ذكر,قدوار
انثى,ذهور
انثى,وجدان
انثى,ميهرائيل
ذكر,لمين
ذكر,مجدوب
ذكر,سنى
ذكر,محمدثابت
ذكر,لاجوده
ذكر,ارزيق
ذكر,الفتاح
ذكر,سدن
ذكر,رواش
ذكر,جليدى
ذكر,جليد
ذكر,عيداحمد
ذكر,قيس
ذكر,رفا
انثى,مجدا
ذكر,ابوحوش
ذكر,غيث
ذكر,هاشيما
انثى,مسميه
ذكر,حثيثه
ذكر,ابوهشيما
ذكر,كذه
ذكر,باز
ذكر,خلفالله
ذكر,مًعتز
انثى,بيداء
انثى,جوليت
ذكر,تدروس
انثى,لاره
انثى,مارجيريت
ذكر,خضيري
انثى,نريمن
انثى,نهاوند
ذكر,حزيفه
ذكر,رخيص
انثى,ميلانيه
ذكر,ابوجريده
ذكر,سلم
ذكر,فرنسبس
ذكر,ماريوس
ذكر,يسطس
ذكر,الدامى
انثى,ميسومه
ذكر,الداتى
انثى,تيسر
انثى,ولا
ذكر,قارون
انثى,سعودات
انثى,غنى
ذكر,الغريب
ذكر,شرشراوي
ذكر,محرنجى
انثى,جولييت
انثى,حدود
انثى,رها
انثى,كعبه
انثى,مرين
ذكر,منتياس
ذكر,شوريف
ذكر,هندرى
انثى,الا
انثى,ثروه
ذكر,شلبيني
انثى,ذينب
ذكر,تيجانى
ذكر,ابوحامد
ذكر,عبالعال
انثى,نيرمان
ذكر,احمدالحداد
ذكر,ديردير
ذكر,عروج
ذكر,عبدالرووف
ذكر,شتات
ذكر,بخات
ذكر,يكن
ذكر,محمدالدرس
ذكر,حبلى
ذكر,حمصانى
ذكر,عفان
ذكر,محمدكولا
ذكر,حبللي
ذكر,طاب
انثى,حلاوه
ذكر,الشاطر
ذكر,نلجح
ذكر,اليمني
ذكر,عونيه
ذكر,عبدالمتعم
انثى,الأء
ذكر,جلود
ذكر,عبدالغتي
ذكر,جبلي
ذكر,شرشراوى
ذكر,حنيفه
انثى,حميدة
ذكر,ارماني
انثى,ايلارى
انثى,سارة
انثى,سوهيلا
ذكر,عبدالصابرين
انثى,تعويضه
انثى,صبحيه
ذكر,تفال
ذكر,نمرى
ذكر,حادى
ذكر,عبدو
ذكر,كاسب
انثى,باتريسكا
انثى,جوسيان
انثى,ماجدا
انثى,مرنه
ذكر,احمدعادل
ذكر,الغنايم
ذكر,ابوجرابيع
ذكر,اندريا
ذكر,ابوجربيع
ذكر,روماانى
ذكر,تيماثوس
انثى,اولفت
ذكر,لويفى
انثى,دحاب
ذكر,دخل
ذكر,بلعاط
ذكر,رويعى
ذكر,الراوي
ذكر,عذت
ذكر,عبدموسى
ذكر,روماني
انثى,كترينا
ذكر,طويس
ذكر,حراجي
ذكر,ضوي
ذكر,الشربيني
ذكر,هواري
ذكر,ابومرز
ذكر,خليدى
ذكر,حارثه
ذكر,سلاقوس
ذكر,بدالعظيم
انثى,زهرانه
ذكر,الغني
ذكر,فهيد
ذكر,عاهد
ذكر,شلابي
ذكر,جمعة
ذكر,هادي
ذكر,قويس
ذكر,نظم
ذكر,الشعراوى
ذكر,الديسطي
ذكر,خورشد
ذكر,وفقي
ذكر,دريمى
ذكر,مغيره
انثى,نفاذه
ذكر,جودة
ذكر,ابوخيشة
